object={
	name="reeds_01_generator_1_0"
	render_pass=Map
	clamp_to_water_level=no
	generated_content=yes
	layer="grass_layer"
	pdxmesh="reeds_06_grass_mesh"
	count=794
	transform="3009.389160 0.000000 1982.592529 0.000000 0.050826 0.000000 0.998708 0.897545 0.897545 0.897545
3019.920654 0.000000 1981.078247 0.000000 0.371303 0.000000 0.928512 0.893013 0.893013 0.893013
3241.023438 0.000000 3169.667480 0.000000 0.396585 0.000000 0.917998 0.970965 0.970965 0.970965
3238.406494 0.000000 3166.309326 0.000000 0.020658 0.000000 0.999787 0.938080 0.938080 0.938080
3240.769287 0.000000 3171.442627 0.000000 0.272432 0.000000 0.962175 0.864226 0.864226 0.864226
3233.510742 0.000000 3166.045166 0.000000 0.710230 0.000000 0.703970 0.931759 0.931759 0.931759
3246.618652 0.000000 3177.404785 0.000000 0.616164 0.000000 0.787618 0.895847 0.895847 0.895847
3243.337402 0.000000 3171.874756 0.000000 0.068066 0.000000 0.997681 0.831182 0.831182 0.831182
3234.665527 0.000000 3175.501709 0.000000 0.243042 0.000000 0.970016 0.761776 0.761776 0.761776
3229.937744 0.000000 3182.532227 0.000000 0.137957 0.000000 0.990438 0.774709 0.774709 0.774709
3242.557373 0.000000 3174.213867 0.000000 0.577519 0.000000 0.816377 0.849778 0.849778 0.849778
3242.059814 0.000000 3175.399902 0.000000 0.733410 0.000000 0.679786 0.882436 0.882436 0.882436
3244.112061 0.000000 3180.806152 0.000000 0.564440 0.000000 0.825474 0.842424 0.842424 0.842424
3229.355225 0.000000 3176.050781 0.000000 0.522826 0.000000 0.852440 0.737550 0.737550 0.737550
3234.422119 0.000000 3177.947266 0.000000 0.460808 0.000000 0.887500 0.705596 0.705596 0.705596
3235.134766 0.000000 3186.576416 0.000000 0.200874 0.000000 0.979617 0.682252 0.682252 0.682252
3234.713623 0.000000 3184.509521 0.000000 0.575328 0.000000 0.817923 0.717842 0.717842 0.717842
3240.818604 0.000000 3175.265869 0.000000 0.657092 0.000000 0.753810 0.714358 0.714358 0.714358
3230.241699 0.000000 3185.010498 0.000000 0.734561 0.000000 0.678542 0.811952 0.811952 0.811952
3238.427002 0.000000 3184.793213 0.000000 0.682430 0.000000 0.730951 0.789215 0.789215 0.789215
3228.292480 0.000000 3180.721191 0.000000 0.341361 0.000000 0.939932 0.639880 0.639880 0.639880
3241.343018 0.000000 3183.385986 0.000000 0.564839 0.000000 0.825201 0.711658 0.711658 0.711658
3236.669189 0.000000 3183.851074 0.000000 0.161063 0.000000 0.986944 0.546216 0.546216 0.546216
3241.053711 0.000000 3181.107666 0.000000 0.622386 0.000000 0.782710 0.697003 0.697003 0.697003
3240.023682 0.000000 3182.303711 0.000000 0.502954 0.000000 0.864313 0.689903 0.689903 0.689903
3237.252686 0.000000 3176.230469 0.000000 0.627975 0.000000 0.778233 0.703870 0.703870 0.703870
3234.866699 0.000000 3180.173096 0.000000 0.113299 0.000000 0.993561 0.461561 0.461561 0.461561
3238.731201 0.000000 3175.123779 0.000000 0.143524 0.000000 0.989647 0.519128 0.519128 0.519128
3825.133301 0.000000 3438.535156 0.000000 0.230231 0.000000 0.973136 0.822896 0.822896 0.822896
3827.692383 0.000000 3436.068359 0.000000 0.707873 0.000000 0.706340 0.900138 0.900138 0.900138
3826.358154 0.000000 3436.034424 0.000000 0.073917 0.000000 0.997264 0.809420 0.809420 0.809420
3856.907959 0.000000 3512.472412 0.000000 0.253240 0.000000 0.967403 0.980306 0.980306 0.980306
3858.514404 0.000000 3512.925781 0.000000 0.501655 0.000000 0.865068 0.853862 0.853862 0.853862
3862.045410 0.000000 3513.703857 0.000000 0.338378 0.000000 0.941010 0.825593 0.825593 0.825593
3856.496338 0.000000 3508.805420 0.000000 0.172034 0.000000 0.985091 0.776645 0.776645 0.776645
3859.416748 0.000000 3515.436768 0.000000 0.067145 0.000000 0.997743 0.782279 0.782279 0.782279
3863.843262 0.000000 3511.424072 0.000000 0.050090 0.000000 0.998745 0.757026 0.757026 0.757026
3860.834473 0.000000 3510.828857 0.000000 0.041191 0.000000 0.999151 0.824340 0.824340 0.824340
3858.243652 0.000000 3508.909912 0.000000 0.528654 0.000000 0.848838 0.789931 0.789931 0.789931
3861.301514 0.000000 3515.068848 0.000000 0.399636 0.000000 0.916674 0.820498 0.820498 0.820498
3857.429199 0.000000 3505.322754 0.000000 0.044587 0.000000 0.999005 0.657080 0.657080 0.657080
3859.992920 0.000000 3507.293945 0.000000 0.492175 0.000000 0.870496 0.733675 0.733675 0.733675
3906.015625 0.000000 3500.623291 0.000000 0.703518 0.000000 0.710677 0.948691 0.948691 0.948691
3909.907715 0.000000 3498.194580 0.000000 0.050971 0.000000 0.998700 0.798904 0.798904 0.798904
3904.162109 0.000000 3497.688965 0.000000 0.378889 0.000000 0.925442 0.834720 0.834720 0.834720
3904.913574 0.000000 3499.196777 0.000000 0.112606 0.000000 0.993640 0.781609 0.781609 0.781609
3871.509521 0.000000 3559.047119 0.000000 0.553119 0.000000 0.833102 0.909042 0.909042 0.909042
3873.810303 0.000000 3556.030518 0.000000 0.233822 0.000000 0.972280 0.836714 0.836714 0.836714
3872.181885 0.000000 3553.186523 0.000000 0.310010 0.000000 0.950733 0.846402 0.846402 0.846402
3869.662109 0.000000 3581.609131 0.000000 0.176643 0.000000 0.984275 0.881740 0.881740 0.881740
3874.400635 0.000000 3564.811523 0.000000 0.477674 0.000000 0.878537 0.858051 0.858051 0.858051
3868.800537 0.000000 3555.317627 0.000000 0.070681 0.000000 0.997499 0.782792 0.782792 0.782792
3872.538086 0.000000 3571.753906 0.000000 0.219101 0.000000 0.975702 0.767463 0.767463 0.767463
3874.850586 0.000000 3555.031494 0.000000 0.156721 0.000000 0.987643 0.816508 0.816508 0.816508
3873.071289 0.000000 3567.258789 0.000000 0.296136 0.000000 0.955146 0.638506 0.638506 0.638506
3875.108398 0.000000 3567.318848 0.000000 0.461131 0.000000 0.887332 0.732945 0.732945 0.732945
3775.133301 0.000000 3779.918457 0.000000 0.343289 0.000000 0.939230 0.838523 0.838523 0.838523
3772.025391 0.000000 3785.367676 0.000000 0.456848 0.000000 0.889545 0.890517 0.890517 0.890517
3774.896240 0.000000 3784.738281 0.000000 0.115357 0.000000 0.993324 0.796556 0.796556 0.796556
3838.420410 0.000000 3793.670654 0.000000 0.569545 0.000000 0.821960 0.932554 0.932554 0.932554
3826.168457 0.000000 3821.283203 0.000000 0.535113 0.000000 0.844780 0.927155 0.927155 0.927155
3780.903564 0.000000 3781.106934 0.000000 0.241879 0.000000 0.970306 0.917209 0.917209 0.917209
3825.174316 0.000000 3824.738770 0.000000 0.173513 0.000000 0.984832 0.877984 0.877984 0.877984
3835.134521 0.000000 3811.843750 0.000000 0.712500 0.000000 0.701672 0.908742 0.908742 0.908742
3833.941895 0.000000 3815.189941 0.000000 0.642152 0.000000 0.766577 0.888783 0.888783 0.888783
3837.567871 0.000000 3822.256348 0.000000 0.507891 0.000000 0.861421 0.867830 0.867830 0.867830
3829.541504 0.000000 3807.037598 0.000000 0.558905 0.000000 0.829232 0.870629 0.870629 0.870629
3825.133301 0.000000 3822.441406 0.000000 0.595681 0.000000 0.803221 0.881247 0.881247 0.881247
3822.548340 0.000000 3817.248535 0.000000 0.358098 0.000000 0.933684 0.810543 0.810543 0.810543
3827.692383 0.000000 3819.974609 0.000000 0.433445 0.000000 0.901180 0.862686 0.862686 0.862686
3832.709473 0.000000 3810.866455 0.000000 0.418146 0.000000 0.908380 0.866306 0.866306 0.866306
3822.553711 0.000000 3826.999512 0.000000 0.654460 0.000000 0.756097 0.910105 0.910105 0.910105
3830.322998 0.000000 3794.306885 0.000000 0.444019 0.000000 0.896017 0.866898 0.866898 0.866898
3822.226562 0.000000 3814.668701 0.000000 0.394184 0.000000 0.919031 0.831219 0.831219 0.831219
3822.643555 0.000000 3824.186523 0.000000 0.516355 0.000000 0.856375 0.858817 0.858817 0.858817
3779.542969 0.000000 3777.647949 0.000000 0.567938 0.000000 0.823071 0.835871 0.835871 0.835871
3833.644775 0.000000 3824.866211 0.000000 0.610841 0.000000 0.791753 0.844890 0.844890 0.844890
3826.539551 0.000000 3806.959229 0.000000 0.171565 0.000000 0.985173 0.731184 0.731184 0.731184
3837.711182 0.000000 3800.729492 0.000000 0.707242 0.000000 0.706971 0.898064 0.898064 0.898064
3778.978516 0.000000 3783.977051 0.000000 0.500481 0.000000 0.865748 0.793573 0.793573 0.793573
3830.074463 0.000000 3818.136963 0.000000 0.711716 0.000000 0.702468 0.885277 0.885277 0.885277
3833.638428 0.000000 3799.245605 0.000000 0.385882 0.000000 0.922548 0.832846 0.832846 0.832846
3823.799316 0.000000 3819.950195 0.000000 0.697125 0.000000 0.716950 0.878257 0.878257 0.878257
3820.041748 0.000000 3820.649902 0.000000 0.557823 0.000000 0.829960 0.836238 0.836238 0.836238
3824.429199 0.000000 3818.451416 0.000000 0.179625 0.000000 0.983735 0.739699 0.739699 0.739699
3778.656250 0.000000 3776.886963 0.000000 0.622003 0.000000 0.783015 0.847296 0.847296 0.847296
3835.435547 0.000000 3827.977783 0.000000 0.732508 0.000000 0.680758 0.865403 0.865403 0.865403
3778.533203 0.000000 3782.010986 0.000000 0.607530 0.000000 0.794297 0.818975 0.818975 0.818975
3776.963379 0.000000 3777.772949 0.000000 0.464118 0.000000 0.885774 0.807119 0.807119 0.807119
3827.215576 0.000000 3809.384521 0.000000 0.578166 0.000000 0.815919 0.816548 0.816548 0.816548
3779.837891 0.000000 3781.321777 0.000000 0.031447 0.000000 0.999505 0.673341 0.673341 0.673341
3835.819580 0.000000 3799.336182 0.000000 0.603779 0.000000 0.797152 0.714400 0.714400 0.714400
3821.884277 0.000000 3824.914307 0.000000 0.400062 0.000000 0.916488 0.768478 0.768478 0.768478
3835.036621 0.000000 3794.722168 0.000000 0.219810 0.000000 0.975543 0.504862 0.504862 0.504862
3872.691406 0.000000 3639.567871 0.000000 0.675806 0.000000 0.737080 0.919309 0.919309 0.919309
3873.887451 0.000000 3642.545654 0.000000 0.347495 0.000000 0.937682 0.866436 0.866436 0.866436
3866.889648 0.000000 3642.525391 0.000000 0.167625 0.000000 0.985851 0.726914 0.726914 0.726914
3871.208008 0.000000 3642.181152 0.000000 0.676695 0.000000 0.736264 0.836788 0.836788 0.836788
3873.610596 0.000000 3591.800537 0.000000 0.337521 0.000000 0.941318 0.825463 0.825463 0.825463
3869.568604 0.000000 3643.554932 0.000000 0.025772 0.000000 0.999668 0.544848 0.544848 0.544848
3868.936768 0.000000 3658.901123 0.000000 0.270190 0.000000 0.962807 0.805688 0.805688 0.805688
3867.449463 0.000000 3656.174316 0.000000 0.572780 0.000000 0.819709 0.894447 0.894447 0.894447
3869.773193 0.000000 3659.733398 0.000000 0.430509 0.000000 0.902586 0.831372 0.831372 0.831372
3867.913818 0.000000 3659.354736 0.000000 0.491700 0.000000 0.870765 0.810047 0.810047 0.810047
3866.173340 0.000000 3658.007324 0.000000 0.180032 0.000000 0.983661 0.750185 0.750185 0.750185
3841.560547 0.000000 3800.076172 0.000000 0.699697 0.000000 0.714440 0.938409 0.938409 0.938409
3816.202637 0.000000 3910.656006 0.000000 0.725071 0.000000 0.688674 0.945001 0.945001 0.945001
3808.040039 0.000000 3916.697998 0.000000 0.486611 0.000000 0.873619 0.856748 0.856748 0.856748
3812.722656 0.000000 3921.064697 0.000000 0.180474 0.000000 0.983580 0.864727 0.864727 0.864727
3802.553955 0.000000 3909.337646 0.000000 0.669083 0.000000 0.743188 0.912150 0.912150 0.912150
3799.496582 0.000000 3926.768066 0.000000 0.475818 0.000000 0.879544 0.844354 0.844354 0.844354
3808.084961 0.000000 3925.269775 0.000000 0.011237 0.000000 0.999937 0.778070 0.778070 0.778070
3811.865234 0.000000 3917.949219 0.000000 0.456109 0.000000 0.889924 0.846607 0.846607 0.846607
3832.709473 0.000000 3938.835205 0.000000 0.641178 0.000000 0.767392 0.875518 0.875518 0.875518
3811.865723 0.000000 3909.934326 0.000000 0.042392 0.000000 0.999101 0.809215 0.809215 0.809215
3810.222656 0.000000 3915.398193 0.000000 0.526172 0.000000 0.850378 0.835014 0.835014 0.835014
3803.457275 0.000000 3912.111816 0.000000 0.352906 0.000000 0.935659 0.827796 0.827796 0.827796
3814.811279 0.000000 3913.549316 0.000000 0.651970 0.000000 0.758245 0.879680 0.879680 0.879680
3804.867920 0.000000 3919.694580 0.000000 0.642951 0.000000 0.765908 0.840997 0.840997 0.840997
3816.340576 0.000000 3916.400391 0.000000 0.662024 0.000000 0.749483 0.879429 0.879429 0.879429
3817.154785 0.000000 3915.249268 0.000000 0.163075 0.000000 0.986614 0.785730 0.785730 0.785730
3803.183838 0.000000 3913.544678 0.000000 0.012153 0.000000 0.999926 0.778200 0.778200 0.778200
3799.265381 0.000000 3921.073486 0.000000 0.596452 0.000000 0.802648 0.855782 0.855782 0.855782
3797.352783 0.000000 3920.055420 0.000000 0.074928 0.000000 0.997189 0.783409 0.783409 0.783409
3807.354004 0.000000 3919.435303 0.000000 0.631254 0.000000 0.775576 0.875904 0.875904 0.875904
3837.562012 0.000000 3937.361572 0.000000 0.085557 0.000000 0.996333 0.781245 0.781245 0.781245
3808.882324 0.000000 3919.785645 0.000000 0.647755 0.000000 0.761848 0.878905 0.878905 0.878905
3806.994873 0.000000 3918.042969 0.000000 0.471064 0.000000 0.882099 0.848967 0.848967 0.848967
3811.651367 0.000000 3929.418457 0.000000 0.245788 0.000000 0.969324 0.821714 0.821714 0.821714
3798.857910 0.000000 3918.535645 0.000000 0.379145 0.000000 0.925337 0.784597 0.784597 0.784597
3797.182861 0.000000 3927.382812 0.000000 0.552760 0.000000 0.833340 0.815544 0.815544 0.815544
3814.179932 0.000000 3917.467529 0.000000 0.580866 0.000000 0.813999 0.857546 0.857546 0.857546
3803.421143 0.000000 3919.424805 0.000000 0.240549 0.000000 0.970637 0.817671 0.817671 0.817671
3811.961182 0.000000 3911.170410 0.000000 0.156382 0.000000 0.987697 0.767050 0.767050 0.767050
3834.049316 0.000000 3936.964600 0.000000 0.655479 0.000000 0.755213 0.882465 0.882465 0.882465
3796.619385 0.000000 3925.585205 0.000000 0.580814 0.000000 0.814036 0.831419 0.831419 0.831419
3797.022949 0.000000 3917.520020 0.000000 0.043733 0.000000 0.999043 0.744572 0.744572 0.744572
3796.336426 0.000000 3915.632812 0.000000 0.487763 0.000000 0.872976 0.814534 0.814534 0.814534
3830.487305 0.000000 4017.672607 0.000000 0.276695 0.000000 0.960958 0.887242 0.887242 0.887242
3834.024170 0.000000 4010.766357 0.000000 0.013127 0.000000 0.999914 0.867781 0.867781 0.867781
3836.258057 0.000000 4017.040527 0.000000 0.588663 0.000000 0.808379 0.868387 0.868387 0.868387
3836.059814 0.000000 4007.050049 0.000000 0.347298 0.000000 0.937755 0.836052 0.836052 0.836052
3837.567871 0.000000 4014.209473 0.000000 0.556996 0.000000 0.830515 0.867878 0.867878 0.867878
3833.441406 0.000000 4005.678467 0.000000 0.325867 0.000000 0.945416 0.836077 0.836077 0.836077
3837.167969 0.000000 4026.362061 0.000000 0.690793 0.000000 0.723053 0.925344 0.925344 0.925344
3838.965088 0.000000 4012.366699 0.000000 0.381196 0.000000 0.924494 0.829179 0.829179 0.829179
3832.893066 0.000000 4009.853516 0.000000 0.462804 0.000000 0.886461 0.831339 0.831339 0.831339
3837.011475 0.000000 4006.015381 0.000000 0.342421 0.000000 0.939547 0.835352 0.835352 0.835352
3839.015381 0.000000 4007.883545 0.000000 0.111027 0.000000 0.993817 0.810522 0.810522 0.810522
3837.449463 0.000000 4016.536865 0.000000 0.670562 0.000000 0.741853 0.883145 0.883145 0.883145
3836.279053 0.000000 4023.630371 0.000000 0.551156 0.000000 0.834402 0.815184 0.815184 0.815184
3832.938721 0.000000 4011.343994 0.000000 0.152752 0.000000 0.988265 0.773522 0.773522 0.773522
3850.136963 0.000000 3942.821289 0.000000 0.170326 0.000000 0.985388 0.926621 0.926621 0.926621
3840.540527 0.000000 3932.537354 0.000000 0.508942 0.000000 0.860801 0.891282 0.891282 0.891282
3853.513428 0.000000 3940.202393 0.000000 0.124252 0.000000 0.992251 0.833914 0.833914 0.833914
3841.572510 0.000000 3936.413330 0.000000 0.587618 0.000000 0.809139 0.856439 0.856439 0.856439
3843.203369 0.000000 3936.839844 0.000000 0.637806 0.000000 0.770197 0.804659 0.804659 0.804659
3844.784180 0.000000 4005.063477 0.000000 0.492033 0.000000 0.870577 0.992088 0.992088 0.992088
3867.841309 0.000000 4001.747314 0.000000 0.343525 0.000000 0.939144 0.932986 0.932986 0.932986
3860.720947 0.000000 3996.432373 0.000000 0.163349 0.000000 0.986568 0.915714 0.915714 0.915714
3851.557373 0.000000 4017.597656 0.000000 0.662708 0.000000 0.748878 0.949288 0.949288 0.949288
3843.343750 0.000000 4009.807373 0.000000 0.451410 0.000000 0.892316 0.870641 0.870641 0.870641
3845.279053 0.000000 4013.361572 0.000000 0.155551 0.000000 0.987828 0.848139 0.848139 0.848139
3854.325439 0.000000 4011.989746 0.000000 0.031063 0.000000 0.999517 0.834708 0.834708 0.834708
3839.569824 0.000000 4020.307617 0.000000 0.594750 0.000000 0.803911 0.876437 0.876437 0.876437
3839.869873 0.000000 4016.248535 0.000000 0.576011 0.000000 0.817442 0.873378 0.873378 0.873378
3839.847412 0.000000 4021.951660 0.000000 0.624603 0.000000 0.780943 0.881421 0.881421 0.881421
3846.482910 0.000000 4005.348145 0.000000 0.329467 0.000000 0.944167 0.870498 0.870498 0.870498
3841.621826 0.000000 4008.427979 0.000000 0.588248 0.000000 0.808680 0.870667 0.870667 0.870667
3844.250488 0.000000 4018.772461 0.000000 0.086077 0.000000 0.996288 0.803560 0.803560 0.803560
3846.350098 0.000000 4024.523926 0.000000 0.391305 0.000000 0.920261 0.894958 0.894958 0.894958
3866.112549 0.000000 3989.603760 0.000000 0.475314 0.000000 0.879816 0.836216 0.836216 0.836216
3843.258301 0.000000 4008.215820 0.000000 0.506191 0.000000 0.862422 0.877965 0.877965 0.877965
3841.267822 0.000000 4017.368896 0.000000 0.600033 0.000000 0.799975 0.858789 0.858789 0.858789
3860.231934 0.000000 4000.172852 0.000000 0.065859 0.000000 0.997829 0.793363 0.793363 0.793363
3868.277832 0.000000 3987.468262 0.000000 0.188417 0.000000 0.982089 0.831031 0.831031 0.831031
3862.106445 0.000000 3996.821533 0.000000 0.034806 0.000000 0.999394 0.746913 0.746913 0.746913
3866.924316 0.000000 3993.841797 0.000000 0.073915 0.000000 0.997265 0.798209 0.798209 0.798209
3858.877441 0.000000 4003.958984 0.000000 0.065716 0.000000 0.997838 0.740740 0.740740 0.740740
3848.453369 0.000000 4013.573486 0.000000 0.207822 0.000000 0.978167 0.775671 0.775671 0.775671
3857.866455 0.000000 4005.354004 0.000000 0.658950 0.000000 0.752187 0.817207 0.817207 0.817207
3866.020996 0.000000 3988.347900 0.000000 0.272186 0.000000 0.962245 0.802765 0.802765 0.802765
3857.755859 0.000000 4000.378662 0.000000 0.495975 0.000000 0.868337 0.834564 0.834564 0.834564
3845.825928 0.000000 4020.400635 0.000000 0.572047 0.000000 0.820221 0.858331 0.858331 0.858331
3853.499512 0.000000 4001.759766 0.000000 0.062293 0.000000 0.998058 0.777809 0.777809 0.777809
3865.814941 0.000000 3998.440186 0.000000 0.131007 0.000000 0.991381 0.780793 0.780793 0.780793
3853.017334 0.000000 4015.534912 0.000000 0.100313 0.000000 0.994956 0.754062 0.754062 0.754062
3842.342285 0.000000 4017.031250 0.000000 0.667063 0.000000 0.745001 0.861503 0.861503 0.861503
3850.048584 0.000000 4008.173828 0.000000 0.431826 0.000000 0.901957 0.817557 0.817557 0.817557
4154.506836 0.000000 3504.007568 0.000000 0.687567 0.000000 0.726121 0.896529 0.896529 0.896529
4151.472168 0.000000 3502.577393 0.000000 0.628486 0.000000 0.777821 0.888755 0.888755 0.888755
4150.308594 0.000000 3499.537109 0.000000 0.735476 0.000000 0.677550 0.938670 0.938670 0.938670
4134.268066 0.000000 3501.593506 0.000000 0.295630 0.000000 0.955302 0.869935 0.869935 0.869935
4158.871582 0.000000 3507.362305 0.000000 0.363129 0.000000 0.931739 0.862286 0.862286 0.862286
4151.803711 0.000000 3500.321289 0.000000 0.216533 0.000000 0.976275 0.821037 0.821037 0.821037
4135.508789 0.000000 3498.291992 0.000000 0.611833 0.000000 0.790987 0.890661 0.890661 0.890661
4137.749512 0.000000 3497.591797 0.000000 0.712820 0.000000 0.701347 0.883568 0.883568 0.883568
4138.562012 0.000000 3496.415771 0.000000 0.520291 0.000000 0.853989 0.780229 0.780229 0.780229
4136.411621 0.000000 3497.297363 0.000000 0.064959 0.000000 0.997888 0.774443 0.774443 0.774443
4138.448242 0.000000 3494.135742 0.000000 0.511523 0.000000 0.859270 0.783193 0.783193 0.783193
4137.950684 0.000000 3495.321777 0.000000 0.733263 0.000000 0.679945 0.882402 0.882402 0.882402
4143.760254 0.000000 3500.028320 0.000000 0.120642 0.000000 0.992696 0.746625 0.746625 0.746625
4144.872070 0.000000 3503.664062 0.000000 0.542047 0.000000 0.840348 0.838061 0.838061 0.838061
4139.327148 0.000000 3499.045410 0.000000 0.083177 0.000000 0.996535 0.695479 0.695479 0.695479
4159.700195 0.000000 3501.591553 0.000000 0.600707 0.000000 0.799470 0.972246 0.972246 0.972246
4173.261230 0.000000 3506.668457 0.000000 0.678329 0.000000 0.734758 0.946429 0.946429 0.946429
4178.475586 0.000000 3512.925781 0.000000 0.147204 0.000000 0.989106 0.801047 0.801047 0.801047
4173.607910 0.000000 3508.252197 0.000000 0.723031 0.000000 0.690816 0.902901 0.902901 0.902901
4174.172852 0.000000 3510.650391 0.000000 0.408467 0.000000 0.912773 0.804766 0.804766 0.804766
4161.244141 0.000000 3507.326904 0.000000 0.170405 0.000000 0.985374 0.828791 0.828791 0.828791
4179.377930 0.000000 3515.436768 0.000000 0.080888 0.000000 0.996723 0.836346 0.836346 0.836346
4175.077148 0.000000 3508.067627 0.000000 0.112468 0.000000 0.993655 0.767028 0.767028 0.767028
4151.303711 0.000000 3552.932617 0.000000 0.596241 0.000000 0.802806 0.858068 0.858068 0.858068
4150.372070 0.000000 3550.212402 0.000000 0.119107 0.000000 0.992881 0.699249 0.699249 0.699249
4158.709473 0.000000 3549.165283 0.000000 0.649173 0.000000 0.760641 0.874850 0.874850 0.874850
4151.530762 0.000000 3550.380371 0.000000 0.540287 0.000000 0.841481 0.792783 0.792783 0.792783
4177.459473 0.000000 3563.270264 0.000000 0.112592 0.000000 0.993641 0.887164 0.887164 0.887164
4179.673828 0.000000 3555.103027 0.000000 0.438923 0.000000 0.898525 0.924747 0.924747 0.924747
4180.901855 0.000000 3557.752197 0.000000 0.314631 0.000000 0.949214 0.915692 0.915692 0.915692
4210.546387 0.000000 3520.953125 0.000000 0.333212 0.000000 0.942852 0.827886 0.827886 0.827886
4211.899902 0.000000 3523.679932 0.000000 0.629389 0.000000 0.777091 0.884456 0.884456 0.884456
4166.785156 0.000000 3554.536621 0.000000 0.532115 0.000000 0.846672 0.846233 0.846233 0.846233
4176.744141 0.000000 3556.548340 0.000000 0.523510 0.000000 0.852019 0.875243 0.875243 0.875243
4161.533691 0.000000 3552.507080 0.000000 0.437845 0.000000 0.899050 0.868864 0.868864 0.868864
4211.860840 0.000000 3521.627197 0.000000 0.126234 0.000000 0.992000 0.798088 0.798088 0.798088
4165.098145 0.000000 3551.280273 0.000000 0.425098 0.000000 0.905148 0.821999 0.821999 0.821999
4178.813477 0.000000 3558.721924 0.000000 0.495139 0.000000 0.868814 0.868581 0.868581 0.868581
4172.218750 0.000000 3557.024414 0.000000 0.261860 0.000000 0.965106 0.843515 0.843515 0.843515
4168.960938 0.000000 3553.635986 0.000000 0.510291 0.000000 0.860002 0.790647 0.790647 0.790647
4170.317871 0.000000 3553.104248 0.000000 0.679937 0.000000 0.733271 0.876702 0.876702 0.876702
4177.116211 0.000000 3561.976074 0.000000 0.377814 0.000000 0.925881 0.828649 0.828649 0.828649
4166.185059 0.000000 3550.825195 0.000000 0.538745 0.000000 0.842469 0.834923 0.834923 0.834923
4168.524902 0.000000 3556.457275 0.000000 0.088007 0.000000 0.996120 0.722382 0.722382 0.722382
4299.093262 0.000000 3507.014160 0.000000 0.526401 0.000000 0.850236 0.862971 0.862971 0.862971
4304.728027 0.000000 3513.913574 0.000000 0.000369 0.000000 1.000000 0.694190 0.694190 0.694190
4302.504395 0.000000 3517.900879 0.000000 0.499032 0.000000 0.866584 0.845587 0.845587 0.845587
4302.426270 0.000000 3515.184082 0.000000 0.659708 0.000000 0.751522 0.857760 0.857760 0.857760
4306.671387 0.000000 3518.337402 0.000000 0.492089 0.000000 0.870545 0.820675 0.820675 0.820675
4297.413574 0.000000 3514.856934 0.000000 0.599755 0.000000 0.800184 0.877262 0.877262 0.877262
4303.368652 0.000000 3516.035156 0.000000 0.632442 0.000000 0.774607 0.869482 0.869482 0.869482
4303.061523 0.000000 3508.067627 0.000000 0.335683 0.000000 0.941975 0.788382 0.788382 0.788382
4305.758789 0.000000 3506.458252 0.000000 0.257553 0.000000 0.966264 0.748114 0.748114 0.748114
4303.737793 0.000000 3512.357666 0.000000 0.389045 0.000000 0.921219 0.771931 0.771931 0.771931
4324.763672 0.000000 3548.180420 0.000000 0.708953 0.000000 0.705256 0.986320 0.986320 0.986320
4315.823730 0.000000 3548.669434 0.000000 0.218550 0.000000 0.975826 0.925827 0.925827 0.925827
4323.021973 0.000000 3546.800293 0.000000 0.566326 0.000000 0.824181 0.939536 0.939536 0.939536
4302.601562 0.000000 3554.114014 0.000000 0.023708 0.000000 0.999719 0.853230 0.853230 0.853230
4308.919434 0.000000 3528.846191 0.000000 0.125804 0.000000 0.992055 0.834094 0.834094 0.834094
4308.126953 0.000000 3520.995361 0.000000 0.680418 0.000000 0.732824 0.928134 0.928134 0.928134
4296.697266 0.000000 3519.282227 0.000000 0.687534 0.000000 0.726152 0.904639 0.904639 0.904639
4326.342773 0.000000 3541.529541 0.000000 0.240049 0.000000 0.970761 0.824233 0.824233 0.824233
4303.169922 0.000000 3519.608398 0.000000 0.127727 0.000000 0.991809 0.783891 0.783891 0.783891
4300.340332 0.000000 3544.685059 0.000000 0.097875 0.000000 0.995199 0.746299 0.746299 0.746299
4303.026855 0.000000 3543.273438 0.000000 0.421329 0.000000 0.906908 0.827017 0.827017 0.827017
4305.192871 0.000000 3537.938232 0.000000 0.332619 0.000000 0.943061 0.858548 0.858548 0.858548
4310.527832 0.000000 3528.306396 0.000000 0.142576 0.000000 0.989784 0.803958 0.803958 0.803958
4307.141113 0.000000 3545.232178 0.000000 0.580298 0.000000 0.814404 0.850314 0.850314 0.850314
4307.698242 0.000000 3535.772217 0.000000 0.735536 0.000000 0.677486 0.912661 0.912661 0.912661
4306.131836 0.000000 3529.127686 0.000000 0.324368 0.000000 0.945931 0.851351 0.851351 0.851351
4309.290527 0.000000 3536.149170 0.000000 0.172860 0.000000 0.984946 0.738412 0.738412 0.738412
4311.049805 0.000000 3532.527832 0.000000 0.678531 0.000000 0.734572 0.857878 0.857878 0.857878
4305.089355 0.000000 3520.366211 0.000000 0.531157 0.000000 0.847273 0.828396 0.828396 0.828396
4300.233398 0.000000 3543.387207 0.000000 0.515899 0.000000 0.856649 0.840766 0.840766 0.840766
4307.647949 0.000000 3525.166504 0.000000 0.595354 0.000000 0.803463 0.771709 0.771709 0.771709
4303.134277 0.000000 3522.892578 0.000000 0.222952 0.000000 0.974829 0.536287 0.536287 0.536287
4303.091797 0.000000 3527.810303 0.000000 0.219874 0.000000 0.975528 0.514991 0.514991 0.514991
4306.938477 0.000000 3525.752930 0.000000 0.313411 0.000000 0.949618 0.693680 0.693680 0.693680
4402.242188 0.000000 3558.340820 0.000000 0.100886 0.000000 0.994898 0.930284 0.930284 0.930284
4406.873535 0.000000 3557.440186 0.000000 0.434029 0.000000 0.900899 0.868366 0.868366 0.868366
4410.751953 0.000000 3543.750732 0.000000 0.051398 0.000000 0.998678 0.821720 0.821720 0.821720
4408.712891 0.000000 3549.901367 0.000000 0.287035 0.000000 0.957920 0.846652 0.846652 0.846652
4406.011230 0.000000 3552.806641 0.000000 0.304548 0.000000 0.952497 0.851998 0.851998 0.851998
4403.702637 0.000000 3554.436035 0.000000 0.473877 0.000000 0.880591 0.838657 0.838657 0.838657
4403.708984 0.000000 3557.476562 0.000000 0.516264 0.000000 0.856429 0.838264 0.838264 0.838264
4412.200684 0.000000 3553.771240 0.000000 0.340524 0.000000 0.940236 0.844242 0.844242 0.844242
4408.639648 0.000000 3554.928955 0.000000 0.165842 0.000000 0.986152 0.793169 0.793169 0.793169
4415.413086 0.000000 3542.524170 0.000000 0.165440 0.000000 0.986220 0.821162 0.821162 0.821162
4410.319336 0.000000 3547.117676 0.000000 0.449568 0.000000 0.893246 0.864884 0.864884 0.864884
4413.139160 0.000000 3547.679199 0.000000 0.071306 0.000000 0.997454 0.816574 0.816574 0.816574
4408.313477 0.000000 3551.272217 0.000000 0.065083 0.000000 0.997880 0.800775 0.800775 0.800775
4413.492188 0.000000 3553.455322 0.000000 0.528598 0.000000 0.848872 0.870913 0.870913 0.870913
4408.159180 0.000000 3557.523438 0.000000 0.475934 0.000000 0.879481 0.839007 0.839007 0.839007
4423.475586 0.000000 3556.233887 0.000000 0.070406 0.000000 0.997518 0.943815 0.943815 0.943815
4416.711914 0.000000 3554.751953 0.000000 0.734182 0.000000 0.678953 0.919880 0.919880 0.919880
4158.078613 0.000000 3618.693359 0.000000 0.268250 0.000000 0.963349 0.802142 0.802142 0.802142
4156.078125 0.000000 3613.095947 0.000000 0.124579 0.000000 0.992210 0.833952 0.833952 0.833952
4158.709473 0.000000 3613.149658 0.000000 0.262510 0.000000 0.964929 0.690449 0.690449 0.690449
4159.490723 0.000000 3615.385742 0.000000 0.290812 0.000000 0.956780 0.627367 0.627367 0.627367
4170.664551 0.000000 3608.196045 0.000000 0.582598 0.000000 0.812761 0.988155 0.988155 0.988155
4165.237793 0.000000 3618.505615 0.000000 0.718063 0.000000 0.695978 0.963486 0.963486 0.963486
4170.464844 0.000000 3626.799805 0.000000 0.042606 0.000000 0.999092 0.885545 0.885545 0.885545
4163.246094 0.000000 3632.463867 0.000000 0.348907 0.000000 0.937157 0.881760 0.881760 0.881760
4169.248047 0.000000 3616.401611 0.000000 0.191702 0.000000 0.981453 0.889920 0.889920 0.889920
4168.786621 0.000000 3608.055420 0.000000 0.070493 0.000000 0.997512 0.823965 0.823965 0.823965
4186.612793 0.000000 3634.632080 0.000000 0.688651 0.000000 0.725093 0.906844 0.906844 0.906844
4196.858887 0.000000 3636.016602 0.000000 0.501921 0.000000 0.864913 0.908691 0.908691 0.908691
4169.835938 0.000000 3606.751953 0.000000 0.031695 0.000000 0.999498 0.819406 0.819406 0.819406
4182.006836 0.000000 3641.672607 0.000000 0.071603 0.000000 0.997433 0.842808 0.842808 0.842808
4164.676270 0.000000 3605.883789 0.000000 0.584239 0.000000 0.811582 0.884170 0.884170 0.884170
4163.999512 0.000000 3609.779297 0.000000 0.727844 0.000000 0.685743 0.901905 0.901905 0.901905
4162.709473 0.000000 3615.941162 0.000000 0.109387 0.000000 0.993999 0.657094 0.657094 0.657094
4159.500488 0.000000 3612.200684 0.000000 0.544020 0.000000 0.839072 0.763877 0.763877 0.763877
4162.846680 0.000000 3605.721436 0.000000 0.388739 0.000000 0.921348 0.768942 0.768942 0.768942
4159.499023 0.000000 3616.407227 0.000000 0.273641 0.000000 0.961832 0.602761 0.602761 0.602761
4160.605957 0.000000 3616.489014 0.000000 0.410215 0.000000 0.911989 0.661776 0.661776 0.661776
4176.085449 0.000000 3650.864014 0.000000 0.126790 0.000000 0.991930 0.989187 0.989187 0.989187
4180.698242 0.000000 3652.976807 0.000000 0.726875 0.000000 0.686769 0.956531 0.956531 0.956531
4178.911133 0.000000 3647.580566 0.000000 0.649046 0.000000 0.760749 0.941729 0.941729 0.941729
4186.059570 0.000000 3663.427490 0.000000 0.373309 0.000000 0.927707 0.905073 0.905073 0.905073
4182.616699 0.000000 3658.427490 0.000000 0.448983 0.000000 0.893540 0.911709 0.911709 0.911709
4186.359375 0.000000 3655.239990 0.000000 0.596814 0.000000 0.802380 0.897702 0.897702 0.897702
4191.115234 0.000000 3652.208008 0.000000 0.119268 0.000000 0.992862 0.847830 0.847830 0.847830
4333.196289 0.000000 3584.354980 0.000000 0.099096 0.000000 0.995078 0.867745 0.867745 0.867745
4328.382812 0.000000 3583.719482 0.000000 0.308092 0.000000 0.951357 0.821038 0.821038 0.821038
4331.225586 0.000000 3597.201660 0.000000 0.540929 0.000000 0.841068 0.880255 0.880255 0.880255
4323.990234 0.000000 3584.351807 0.000000 0.347857 0.000000 0.937548 0.754199 0.754199 0.754199
4327.123535 0.000000 3588.638672 0.000000 0.147048 0.000000 0.989129 0.676666 0.676666 0.676666
4329.913086 0.000000 3584.782715 0.000000 0.120232 0.000000 0.992746 0.692243 0.692243 0.692243
4325.192383 0.000000 3587.911621 0.000000 0.726433 0.000000 0.687237 0.835432 0.835432 0.835432
4327.247559 0.000000 3590.291748 0.000000 0.487925 0.000000 0.872886 0.748340 0.748340 0.748340
4323.144043 0.000000 3700.822754 0.000000 0.288873 0.000000 0.957367 0.907491 0.907491 0.907491
4316.117676 0.000000 3695.423584 0.000000 0.569923 0.000000 0.821698 0.903695 0.903695 0.903695
4299.764648 0.000000 3708.656250 0.000000 0.025480 0.000000 0.999675 0.834108 0.834108 0.834108
4312.049805 0.000000 3705.412842 0.000000 0.102386 0.000000 0.994745 0.886369 0.886369 0.886369
4344.628906 0.000000 3667.031494 0.000000 0.111780 0.000000 0.993733 0.905310 0.905310 0.905310
4298.019531 0.000000 3700.648926 0.000000 0.707098 0.000000 0.707116 0.911763 0.911763 0.911763
4289.315918 0.000000 3708.459229 0.000000 0.678611 0.000000 0.734498 0.934097 0.934097 0.934097
4310.196289 0.000000 3690.247803 0.000000 0.383765 0.000000 0.923431 0.832520 0.832520 0.832520
4292.196289 0.000000 3698.850586 0.000000 0.600404 0.000000 0.799697 0.856546 0.856546 0.856546
4294.295410 0.000000 3704.602051 0.000000 0.612657 0.000000 0.790349 0.890786 0.890786 0.890786
4322.071777 0.000000 3695.449219 0.000000 0.494047 0.000000 0.869435 0.871056 0.871056 0.871056
4292.697266 0.000000 3702.047852 0.000000 0.716693 0.000000 0.697388 0.876691 0.876691 0.876691
4316.746094 0.000000 3683.286377 0.000000 0.584651 0.000000 0.811285 0.886595 0.886595 0.886595
4309.769043 0.000000 3698.198242 0.000000 0.467360 0.000000 0.884067 0.891700 0.891700 0.891700
4297.145996 0.000000 3703.360596 0.000000 0.618184 0.000000 0.786034 0.882595 0.882595 0.882595
4346.604492 0.000000 3665.898193 0.000000 0.228205 0.000000 0.973613 0.785806 0.785806 0.785806
4320.483398 0.000000 3699.722656 0.000000 0.156959 0.000000 0.987605 0.827124 0.827124 0.827124
4323.346680 0.000000 3690.135254 0.000000 0.307932 0.000000 0.951408 0.842995 0.842995 0.842995
4314.200684 0.000000 3687.535645 0.000000 0.617663 0.000000 0.786443 0.880249 0.880249 0.880249
4319.986328 0.000000 3690.564941 0.000000 0.259953 0.000000 0.965621 0.836748 0.836748 0.836748
4291.919922 0.000000 3709.322021 0.000000 0.732139 0.000000 0.681155 0.904591 0.904591 0.904591
4294.456055 0.000000 3696.620850 0.000000 0.620670 0.000000 0.784072 0.892005 0.892005 0.892005
4346.546387 0.000000 3656.345215 0.000000 0.321612 0.000000 0.946872 0.723733 0.723733 0.723733
4296.030762 0.000000 3708.881348 0.000000 0.115291 0.000000 0.993332 0.792913 0.792913 0.792913
4313.243652 0.000000 3694.752930 0.000000 0.549958 0.000000 0.835192 0.869207 0.869207 0.869207
4342.776367 0.000000 3669.515381 0.000000 0.348627 0.000000 0.937262 0.778625 0.778625 0.778625
4346.654785 0.000000 3664.456543 0.000000 0.505894 0.000000 0.862596 0.833769 0.833769 0.833769
4341.854004 0.000000 3661.717285 0.000000 0.460956 0.000000 0.887423 0.801036 0.801036 0.801036
4348.303223 0.000000 3664.855225 0.000000 0.324584 0.000000 0.945857 0.671794 0.671794 0.671794
4293.204102 0.000000 3711.639893 0.000000 0.190461 0.000000 0.981695 0.827842 0.827842 0.827842
4288.288574 0.000000 3712.859131 0.000000 0.083110 0.000000 0.996540 0.866302 0.866302 0.866302
4294.625488 0.000000 3711.124512 0.000000 0.698583 0.000000 0.715529 0.906437 0.906437 0.906437
4290.639160 0.000000 3715.449707 0.000000 0.461061 0.000000 0.887368 0.858287 0.858287 0.858287
4402.117188 0.000000 3644.769287 0.000000 0.054681 0.000000 0.998504 0.595006 0.595006 0.595006
4402.649902 0.000000 3642.890381 0.000000 0.661455 0.000000 0.749985 0.777697 0.777697 0.777697
4436.620117 0.000000 3629.675781 0.000000 0.500907 0.000000 0.865501 0.924259 0.924259 0.924259
4442.159668 0.000000 3621.193848 0.000000 0.264661 0.000000 0.964341 0.908920 0.908920 0.908920
4449.740234 0.000000 3620.014893 0.000000 0.717066 0.000000 0.697006 0.922985 0.922985 0.922985
4451.604004 0.000000 3615.600830 0.000000 0.668495 0.000000 0.743717 0.886944 0.886944 0.886944
4453.875000 0.000000 3615.471436 0.000000 0.168127 0.000000 0.985765 0.804010 0.804010 0.804010
4449.129883 0.000000 3616.500732 0.000000 0.086878 0.000000 0.996219 0.755510 0.755510 0.755510
4428.662109 0.000000 3633.680176 0.000000 0.448399 0.000000 0.893834 0.732208 0.732208 0.732208
4427.271973 0.000000 3629.934326 0.000000 0.661645 0.000000 0.749817 0.828560 0.828560 0.828560
4370.209473 0.000000 3653.152344 0.000000 0.020140 0.000000 0.999797 0.941931 0.941931 0.941931
4351.541016 0.000000 3656.358398 0.000000 0.484601 0.000000 0.874735 0.920244 0.920244 0.920244
4378.999512 0.000000 3649.586426 0.000000 0.467252 0.000000 0.884124 0.948552 0.948552 0.948552
4375.542969 0.000000 3655.251221 0.000000 0.054479 0.000000 0.998515 0.859937 0.859937 0.859937
4361.384766 0.000000 3655.677246 0.000000 0.348972 0.000000 0.937133 0.872672 0.872672 0.872672
4364.634277 0.000000 3651.527344 0.000000 0.160313 0.000000 0.987066 0.824020 0.824020 0.824020
4362.738770 0.000000 3651.373291 0.000000 0.307889 0.000000 0.951422 0.824148 0.824148 0.824148
4374.412598 0.000000 3648.406494 0.000000 0.132826 0.000000 0.991139 0.802606 0.802606 0.802606
4365.073730 0.000000 3649.854248 0.000000 0.519604 0.000000 0.854407 0.869568 0.869568 0.869568
4375.925293 0.000000 3649.685303 0.000000 0.554178 0.000000 0.832398 0.864966 0.864966 0.864966
4365.230469 0.000000 3657.003174 0.000000 0.419312 0.000000 0.907842 0.846567 0.846567 0.846567
4390.070312 0.000000 3648.365723 0.000000 0.478952 0.000000 0.877841 0.764632 0.764632 0.764632
4362.753906 0.000000 3658.322754 0.000000 0.421469 0.000000 0.906843 0.787344 0.787344 0.787344
4389.373047 0.000000 3650.888672 0.000000 0.561699 0.000000 0.827342 0.819993 0.819993 0.819993
4360.664062 0.000000 3658.457275 0.000000 0.462789 0.000000 0.886468 0.711639 0.711639 0.711639
4390.083496 0.000000 3652.503418 0.000000 0.544066 0.000000 0.839043 0.773832 0.773832 0.773832
4400.322266 0.000000 3648.587891 0.000000 0.013111 0.000000 0.999914 0.735559 0.735559 0.735559
4390.737793 0.000000 3649.876953 0.000000 0.666850 0.000000 0.745192 0.815274 0.815274 0.815274
4388.670410 0.000000 3650.050293 0.000000 0.681535 0.000000 0.731785 0.848336 0.848336 0.848336
4398.049805 0.000000 3648.905273 0.000000 0.662153 0.000000 0.749368 0.799090 0.799090 0.799090
4358.268066 0.000000 3661.010254 0.000000 0.417677 0.000000 0.908596 0.706879 0.706879 0.706879
4393.110352 0.000000 3648.286621 0.000000 0.012955 0.000000 0.999916 0.556628 0.556628 0.556628
4382.104492 0.000000 3656.046143 0.000000 0.447127 0.000000 0.894470 0.720807 0.720807 0.720807
4392.180664 0.000000 3648.609375 0.000000 0.722021 0.000000 0.691871 0.782539 0.782539 0.782539
4476.684082 0.000000 3704.898438 0.000000 0.221259 0.000000 0.975215 0.929344 0.929344 0.929344
4459.609375 0.000000 3698.482422 0.000000 0.532019 0.000000 0.846732 0.916806 0.916806 0.916806
4468.980957 0.000000 3710.740723 0.000000 0.457794 0.000000 0.889058 0.868747 0.868747 0.868747
4475.108887 0.000000 3704.313477 0.000000 0.235676 0.000000 0.971832 0.836947 0.836947 0.836947
4451.257324 0.000000 3707.974854 0.000000 0.695835 0.000000 0.718202 0.871983 0.871983 0.871983
4458.850098 0.000000 3706.004150 0.000000 0.647519 0.000000 0.762049 0.904820 0.904820 0.904820
4445.661621 0.000000 3706.569824 0.000000 0.374908 0.000000 0.927062 0.804498 0.804498 0.804498
4474.637695 0.000000 3708.903809 0.000000 0.093499 0.000000 0.995619 0.815610 0.815610 0.815610
4459.855469 0.000000 3703.899658 0.000000 0.138200 0.000000 0.990404 0.817653 0.817653 0.817653
4463.686523 0.000000 3704.030762 0.000000 0.108743 0.000000 0.994070 0.777378 0.777378 0.777378
4460.069824 0.000000 3708.369629 0.000000 0.420973 0.000000 0.907073 0.841141 0.841141 0.841141
4464.732910 0.000000 3706.206787 0.000000 0.685722 0.000000 0.727863 0.881959 0.881959 0.881959
4462.476074 0.000000 3699.030762 0.000000 0.030359 0.000000 0.999539 0.792329 0.792329 0.792329
4466.245117 0.000000 3702.999268 0.000000 0.696664 0.000000 0.717398 0.898133 0.898133 0.898133
4453.578613 0.000000 3703.172852 0.000000 0.220903 0.000000 0.975296 0.831726 0.831726 0.831726
4466.583496 0.000000 3704.335205 0.000000 0.012064 0.000000 0.999927 0.789862 0.789862 0.789862
4473.912598 0.000000 3710.438477 0.000000 0.149720 0.000000 0.988728 0.797857 0.797857 0.797857
4467.521484 0.000000 3710.518311 0.000000 0.405787 0.000000 0.913968 0.858958 0.858958 0.858958
4457.383301 0.000000 3701.386719 0.000000 0.653551 0.000000 0.756882 0.884259 0.884259 0.884259
4471.065918 0.000000 3706.201172 0.000000 0.467394 0.000000 0.884049 0.807775 0.807775 0.807775
4443.429199 0.000000 3694.014893 0.000000 0.134654 0.000000 0.990893 0.792106 0.792106 0.792106
4446.844238 0.000000 3709.831543 0.000000 0.174392 0.000000 0.984676 0.728252 0.728252 0.728252
4468.363281 0.000000 3708.544678 0.000000 0.132729 0.000000 0.991152 0.809771 0.809771 0.809771
4451.451660 0.000000 3709.218994 0.000000 0.415253 0.000000 0.909706 0.828850 0.828850 0.828850
4450.229004 0.000000 3709.351318 0.000000 0.467681 0.000000 0.883897 0.837605 0.837605 0.837605
4479.552246 0.000000 3709.959473 0.000000 0.263135 0.000000 0.964759 0.853443 0.853443 0.853443
4478.342285 0.000000 3729.686279 0.000000 0.287283 0.000000 0.957846 0.907371 0.907371 0.907371
4470.330566 0.000000 3718.157715 0.000000 0.255844 0.000000 0.966718 0.895179 0.895179 0.895179
4468.436523 0.000000 3734.431152 0.000000 0.536742 0.000000 0.843747 0.869631 0.869631 0.869631
4478.879883 0.000000 3722.489258 0.000000 0.046306 0.000000 0.998927 0.790674 0.790674 0.790674
4449.070801 0.000000 3711.615479 0.000000 0.208395 0.000000 0.978045 0.813140 0.813140 0.813140
4462.099609 0.000000 3733.241211 0.000000 0.714992 0.000000 0.699133 0.920756 0.920756 0.920756
4449.655273 0.000000 3717.717285 0.000000 0.028711 0.000000 0.999588 0.842155 0.842155 0.842155
4473.437988 0.000000 3726.122559 0.000000 0.210912 0.000000 0.977505 0.827057 0.827057 0.827057
4474.489258 0.000000 3723.225830 0.000000 0.005778 0.000000 0.999983 0.749943 0.749943 0.749943
4477.458984 0.000000 3722.966064 0.000000 0.575390 0.000000 0.817879 0.882842 0.882842 0.882842
4447.518066 0.000000 3721.192383 0.000000 0.275445 0.000000 0.961317 0.832305 0.832305 0.832305
4462.375977 0.000000 3730.331543 0.000000 0.450527 0.000000 0.892763 0.887053 0.887053 0.887053
4478.810547 0.000000 3720.753906 0.000000 0.473430 0.000000 0.880832 0.854723 0.854723 0.854723
4465.218750 0.000000 3733.345215 0.000000 0.682848 0.000000 0.730561 0.885478 0.885478 0.885478
4474.588867 0.000000 3729.882568 0.000000 0.110777 0.000000 0.993845 0.817778 0.817778 0.817778
4475.061035 0.000000 3725.375732 0.000000 0.047882 0.000000 0.998853 0.768079 0.768079 0.768079
4467.923828 0.000000 3730.216553 0.000000 0.268501 0.000000 0.963280 0.753538 0.753538 0.753538
4470.933105 0.000000 3726.175049 0.000000 0.095890 0.000000 0.995392 0.793819 0.793819 0.793819
4470.245117 0.000000 3730.322510 0.000000 0.500278 0.000000 0.865865 0.869321 0.869321 0.869321
4470.184570 0.000000 3713.179443 0.000000 0.511014 0.000000 0.859572 0.839884 0.839884 0.839884
4468.720215 0.000000 3727.986328 0.000000 0.541166 0.000000 0.840916 0.870313 0.870313 0.870313
4472.651367 0.000000 3716.092773 0.000000 0.194368 0.000000 0.980929 0.769975 0.769975 0.769975
4475.643555 0.000000 3731.382812 0.000000 0.640678 0.000000 0.767810 0.890724 0.890724 0.890724
4449.653320 0.000000 3722.067871 0.000000 0.008467 0.000000 0.999964 0.808879 0.808879 0.808879
4477.172363 0.000000 3728.909912 0.000000 0.440663 0.000000 0.897673 0.830280 0.830280 0.830280
4467.490723 0.000000 3728.931641 0.000000 0.478084 0.000000 0.878314 0.823311 0.823311 0.823311
4474.538574 0.000000 3714.223389 0.000000 0.438593 0.000000 0.898686 0.790896 0.790896 0.790896
4477.053223 0.000000 3724.380859 0.000000 0.391835 0.000000 0.920035 0.845431 0.845431 0.845431
4476.121094 0.000000 3726.880615 0.000000 0.455132 0.000000 0.890424 0.846454 0.846454 0.846454
4466.652344 0.000000 3736.207520 0.000000 0.043339 0.000000 0.999060 0.782640 0.782640 0.782640
4473.867676 0.000000 3711.776367 0.000000 0.569557 0.000000 0.821952 0.862702 0.862702 0.862702
4475.483887 0.000000 3722.484619 0.000000 0.699599 0.000000 0.714535 0.872822 0.872822 0.872822
4474.043457 0.000000 3717.912842 0.000000 0.721824 0.000000 0.692077 0.841614 0.841614 0.841614
4477.732910 0.000000 3714.321777 0.000000 0.582311 0.000000 0.812966 0.637422 0.637422 0.637422
4477.647461 0.000000 3717.740723 0.000000 0.137660 0.000000 0.990480 0.449173 0.449173 0.449173
4479.371582 0.000000 3718.583984 0.000000 0.596940 0.000000 0.802286 0.707104 0.707104 0.707104
4402.098145 0.000000 3821.283203 0.000000 0.025026 0.000000 0.999687 0.861073 0.861073 0.861073
4401.104004 0.000000 3824.738770 0.000000 0.238053 0.000000 0.971252 0.847211 0.847211 0.847211
4406.947754 0.000000 3828.621338 0.000000 0.097538 0.000000 0.995232 0.823472 0.823472 0.823472
4409.073730 0.000000 3826.150391 0.000000 0.328982 0.000000 0.944336 0.839598 0.839598 0.839598
4405.862793 0.000000 3835.686279 0.000000 0.553808 0.000000 0.832645 0.864905 0.864905 0.864905
4411.095215 0.000000 3829.114990 0.000000 0.430504 0.000000 0.902588 0.845424 0.845424 0.845424
4403.042480 0.000000 3824.618164 0.000000 0.244527 0.000000 0.969643 0.791795 0.791795 0.791795
4402.591309 0.000000 3832.303955 0.000000 0.687811 0.000000 0.725890 0.882375 0.882375 0.882375
4408.566895 0.000000 3836.102295 0.000000 0.335377 0.000000 0.942084 0.806733 0.806733 0.806733
4414.059082 0.000000 3830.126221 0.000000 0.646780 0.000000 0.762677 0.870063 0.870063 0.870063
4412.391602 0.000000 3838.851807 0.000000 0.270910 0.000000 0.962605 0.799327 0.799327 0.799327
4404.486328 0.000000 3830.003174 0.000000 0.646818 0.000000 0.762644 0.880898 0.880898 0.880898
4407.497559 0.000000 3839.045166 0.000000 0.618976 0.000000 0.785410 0.866939 0.866939 0.866939
4406.099121 0.000000 3838.272461 0.000000 0.592973 0.000000 0.805223 0.862123 0.862123 0.862123
4409.464355 0.000000 3830.662354 0.000000 0.636676 0.000000 0.771132 0.861494 0.861494 0.861494
4406.889160 0.000000 3824.692871 0.000000 0.347738 0.000000 0.937592 0.793627 0.793627 0.793627
4430.200684 0.000000 3786.243164 0.000000 0.698388 0.000000 0.715719 0.990043 0.990043 0.990043
4422.286133 0.000000 3789.981689 0.000000 0.302349 0.000000 0.953197 0.981072 0.981072 0.981072
4428.630859 0.000000 3810.681152 0.000000 0.669218 0.000000 0.743067 0.976997 0.976997 0.976997
4429.479004 0.000000 3782.290771 0.000000 0.354241 0.000000 0.935154 0.897403 0.897403 0.897403
4422.117188 0.000000 3798.207031 0.000000 0.618996 0.000000 0.785394 0.916557 0.916557 0.916557
4419.141602 0.000000 3834.681885 0.000000 0.585739 0.000000 0.810500 0.884397 0.884397 0.884397
4426.354004 0.000000 3788.846924 0.000000 0.498796 0.000000 0.866719 0.856018 0.856018 0.856018
4415.500000 0.000000 3828.354492 0.000000 0.543148 0.000000 0.839637 0.907940 0.907940 0.907940
4424.250488 0.000000 3802.670898 0.000000 0.333393 0.000000 0.942788 0.815621 0.815621 0.815621
4420.180664 0.000000 3826.819336 0.000000 0.070786 0.000000 0.997492 0.827744 0.827744 0.827744
4427.291992 0.000000 3809.869873 0.000000 0.323089 0.000000 0.946369 0.863590 0.863590 0.863590
4423.642090 0.000000 3783.085449 0.000000 0.563965 0.000000 0.825799 0.876290 0.876290 0.876290
4417.667969 0.000000 3830.300293 0.000000 0.408574 0.000000 0.912725 0.870814 0.870814 0.870814
4424.506836 0.000000 3828.229492 0.000000 0.717074 0.000000 0.696997 0.915285 0.915285 0.915285
4418.151367 0.000000 3831.875000 0.000000 0.698478 0.000000 0.715632 0.910402 0.910402 0.910402
4419.904297 0.000000 3837.290771 0.000000 0.498175 0.000000 0.867077 0.863779 0.863779 0.863779
4415.525391 0.000000 3832.102539 0.000000 0.178340 0.000000 0.983969 0.767246 0.767246 0.767246
4418.384277 0.000000 3837.576660 0.000000 0.354127 0.000000 0.935197 0.843071 0.843071 0.843071
4428.719238 0.000000 3803.522949 0.000000 0.695382 0.000000 0.718641 0.867878 0.867878 0.867878
4424.822266 0.000000 3803.804443 0.000000 0.321500 0.000000 0.946910 0.813735 0.813735 0.813735
4426.746094 0.000000 3786.291504 0.000000 0.386144 0.000000 0.922439 0.806500 0.806500 0.806500
4426.870117 0.000000 3804.387695 0.000000 0.267177 0.000000 0.963648 0.808465 0.808465 0.808465
4425.720215 0.000000 3792.857666 0.000000 0.641798 0.000000 0.766874 0.869088 0.869088 0.869088
4429.429688 0.000000 3809.806641 0.000000 0.732077 0.000000 0.681221 0.859676 0.859676 0.859676
4429.921875 0.000000 3807.579102 0.000000 0.217864 0.000000 0.975979 0.753752 0.753752 0.753752
4423.786621 0.000000 3829.197754 0.000000 0.688196 0.000000 0.725525 0.862185 0.862185 0.862185
4426.832031 0.000000 3783.615234 0.000000 0.715243 0.000000 0.698876 0.833857 0.833857 0.833857
4488.674316 0.000000 3717.993652 0.000000 0.359963 0.000000 0.932967 0.960971 0.960971 0.960971
4493.958496 0.000000 3739.732422 0.000000 0.262382 0.000000 0.964964 0.882685 0.882685 0.882685
4511.683594 0.000000 3741.444092 0.000000 0.182006 0.000000 0.983297 0.920313 0.920313 0.920313
4480.899414 0.000000 3724.987061 0.000000 0.241219 0.000000 0.970471 0.874093 0.874093 0.874093
4490.074219 0.000000 3731.570801 0.000000 0.558138 0.000000 0.829748 0.887610 0.887610 0.887610
4492.184570 0.000000 3721.786621 0.000000 0.476593 0.000000 0.879124 0.911516 0.911516 0.911516
4504.006836 0.000000 3738.222656 0.000000 0.629060 0.000000 0.777356 0.933308 0.933308 0.933308
4492.621582 0.000000 3730.216553 0.000000 0.608892 0.000000 0.793253 0.867344 0.867344 0.867344
4508.668945 0.000000 3739.072754 0.000000 0.267712 0.000000 0.963499 0.844242 0.844242 0.844242
4504.088867 0.000000 3743.086182 0.000000 0.408899 0.000000 0.912580 0.839285 0.839285 0.839285
4519.939941 0.000000 3748.924072 0.000000 0.358884 0.000000 0.933382 0.885804 0.885804 0.885804
4503.411133 0.000000 3734.814941 0.000000 0.495703 0.000000 0.868492 0.908064 0.908064 0.908064
4489.038086 0.000000 3733.002441 0.000000 0.603543 0.000000 0.797331 0.928577 0.928577 0.928577
4479.520508 0.000000 3726.095947 0.000000 0.462022 0.000000 0.886869 0.861150 0.861150 0.861150
4490.725586 0.000000 3721.067383 0.000000 0.056993 0.000000 0.998375 0.822377 0.822377 0.822377
4500.342773 0.000000 3738.875488 0.000000 0.284432 0.000000 0.958696 0.846327 0.846327 0.846327
4479.908203 0.000000 3721.917969 0.000000 0.023377 0.000000 0.999727 0.791387 0.791387 0.791387
4502.533691 0.000000 3737.612549 0.000000 0.307143 0.000000 0.951663 0.874313 0.874313 0.874313
4494.033203 0.000000 3737.390625 0.000000 0.055862 0.000000 0.998439 0.769296 0.769296 0.769296
4497.830078 0.000000 3732.162354 0.000000 0.619417 0.000000 0.785062 0.889560 0.889560 0.889560
4502.890625 0.000000 3744.146973 0.000000 0.602218 0.000000 0.798332 0.891519 0.891519 0.891519
4485.017578 0.000000 3727.889893 0.000000 0.225027 0.000000 0.974352 0.805414 0.805414 0.805414
4498.695312 0.000000 3743.749023 0.000000 0.201090 0.000000 0.979573 0.757457 0.757457 0.757457
4508.722656 0.000000 3747.270752 0.000000 0.660422 0.000000 0.750895 0.885487 0.885487 0.885487
4503.413574 0.000000 3748.071289 0.000000 0.214938 0.000000 0.976628 0.817440 0.817440 0.817440
4498.555664 0.000000 3742.331543 0.000000 0.220240 0.000000 0.975446 0.760930 0.760930 0.760930
4491.139648 0.000000 3734.845703 0.000000 0.615322 0.000000 0.788275 0.893457 0.893457 0.893457
4511.229004 0.000000 3746.201172 0.000000 0.466169 0.000000 0.884696 0.810240 0.810240 0.810240
4501.097168 0.000000 3735.429688 0.000000 0.163530 0.000000 0.986538 0.810381 0.810381 0.810381
4494.965332 0.000000 3736.503174 0.000000 0.710822 0.000000 0.703372 0.881194 0.881194 0.881194
4486.652344 0.000000 3713.446533 0.000000 0.347934 0.000000 0.937519 0.808834 0.808834 0.808834
4496.504883 0.000000 3738.450195 0.000000 0.667318 0.000000 0.744773 0.851071 0.851071 0.851071
4479.492676 0.000000 3712.135010 0.000000 0.529480 0.000000 0.848322 0.603021 0.603021 0.603021
4606.871582 0.000000 3820.413574 0.000000 0.312170 0.000000 0.950026 0.852938 0.852938 0.852938
4572.913574 0.000000 3818.467529 0.000000 0.106910 0.000000 0.994269 0.747864 0.747864 0.747864
4574.056152 0.000000 3817.827148 0.000000 0.733395 0.000000 0.679803 0.828314 0.828314 0.828314
4605.389648 0.000000 3829.097412 0.000000 0.729479 0.000000 0.684003 0.789385 0.789385 0.789385
4606.955566 0.000000 3826.323730 0.000000 0.288047 0.000000 0.957616 0.607370 0.607370 0.607370
4604.993652 0.000000 3826.856689 0.000000 0.619930 0.000000 0.784657 0.662163 0.662163 0.662163
4192.059082 0.000000 3875.178955 0.000000 0.727378 0.000000 0.686237 0.918810 0.918810 0.918810
4193.771484 0.000000 3875.952393 0.000000 0.320231 0.000000 0.947339 0.866366 0.866366 0.866366
4199.979004 0.000000 3876.892822 0.000000 0.557611 0.000000 0.830102 0.872868 0.872868 0.872868
4178.434082 0.000000 3856.447754 0.000000 0.436463 0.000000 0.899722 0.854714 0.854714 0.854714
4183.450195 0.000000 3862.783691 0.000000 0.449955 0.000000 0.893051 0.856668 0.856668 0.856668
4167.673340 0.000000 3847.069824 0.000000 0.611158 0.000000 0.791508 0.890559 0.890559 0.890559
4185.045898 0.000000 3862.762207 0.000000 0.041803 0.000000 0.999126 0.778604 0.778604 0.778604
4162.654785 0.000000 3843.418457 0.000000 0.078238 0.000000 0.996935 0.742903 0.742903 0.742903
4186.744629 0.000000 3869.817139 0.000000 0.315305 0.000000 0.948991 0.853326 0.853326 0.853326
4175.193359 0.000000 3857.066406 0.000000 0.359474 0.000000 0.933155 0.795757 0.795757 0.795757
4194.812012 0.000000 3874.953369 0.000000 0.234452 0.000000 0.972128 0.790163 0.790163 0.790163
4174.703613 0.000000 3852.297119 0.000000 0.650445 0.000000 0.759553 0.898781 0.898781 0.898781
4163.496094 0.000000 3841.632324 0.000000 0.671149 0.000000 0.741322 0.808206 0.808206 0.808206
4199.854980 0.000000 3879.762695 0.000000 0.251239 0.000000 0.967925 0.802747 0.802747 0.802747
4191.576660 0.000000 3871.940186 0.000000 0.510971 0.000000 0.859598 0.726241 0.726241 0.726241
4189.738281 0.000000 3871.546631 0.000000 0.730761 0.000000 0.682633 0.872445 0.872445 0.872445
4195.800781 0.000000 3872.634277 0.000000 0.100497 0.000000 0.994937 0.735742 0.735742 0.735742
4172.779785 0.000000 3855.661621 0.000000 0.733105 0.000000 0.680115 0.846888 0.846888 0.846888
4190.686035 0.000000 3871.702393 0.000000 0.461816 0.000000 0.886976 0.711349 0.711349 0.711349
4225.774902 0.000000 3870.989502 0.000000 0.535732 0.000000 0.844388 0.942268 0.942268 0.942268
4230.539551 0.000000 3889.962402 0.000000 0.570726 0.000000 0.821140 0.874930 0.874930 0.874930
4226.938477 0.000000 3877.193359 0.000000 0.670460 0.000000 0.741945 0.901909 0.901909 0.901909
4238.982910 0.000000 3888.909180 0.000000 0.690995 0.000000 0.722859 0.885029 0.885029 0.885029
4230.904297 0.000000 3869.729736 0.000000 0.201704 0.000000 0.979447 0.863419 0.863419 0.863419
4238.162109 0.000000 3881.054688 0.000000 0.536432 0.000000 0.843943 0.816915 0.816915 0.816915
4231.655762 0.000000 3884.073486 0.000000 0.056676 0.000000 0.998393 0.826120 0.826120 0.826120
4233.141113 0.000000 3882.227295 0.000000 0.402605 0.000000 0.915374 0.855645 0.855645 0.855645
4230.463867 0.000000 3888.573975 0.000000 0.343704 0.000000 0.939078 0.841627 0.841627 0.841627
4232.953125 0.000000 3873.557861 0.000000 0.322878 0.000000 0.946440 0.823256 0.823256 0.823256
4234.155273 0.000000 3881.469482 0.000000 0.009579 0.000000 0.999954 0.684290 0.684290 0.684290
4234.344238 0.000000 3884.017822 0.000000 0.201784 0.000000 0.979430 0.696125 0.696125 0.696125
4226.701660 0.000000 3871.878662 0.000000 0.425575 0.000000 0.904923 0.776897 0.776897 0.776897
4231.984375 0.000000 3880.166016 0.000000 0.021791 0.000000 0.999763 0.760236 0.760236 0.760236
4235.295410 0.000000 3885.871826 0.000000 0.494374 0.000000 0.869249 0.765880 0.765880 0.765880
4232.254883 0.000000 3894.919678 0.000000 0.013307 0.000000 0.999911 0.587835 0.587835 0.587835
4233.146484 0.000000 3892.978760 0.000000 0.095361 0.000000 0.995443 0.418065 0.418065 0.418065
4231.147949 0.000000 3890.711182 0.000000 0.575849 0.000000 0.817556 0.706082 0.706082 0.706082
4229.627441 0.000000 3895.870361 0.000000 0.685498 0.000000 0.728075 0.780116 0.780116 0.780116
4228.723633 0.000000 3891.603516 0.000000 0.289597 0.000000 0.957149 0.706698 0.706698 0.706698
4232.643066 0.000000 3891.234131 0.000000 0.098779 0.000000 0.995109 0.581100 0.581100 0.581100
4236.386719 0.000000 3884.466553 0.000000 0.543004 0.000000 0.839730 0.656584 0.656584 0.656584
4337.378418 0.000000 3871.748535 0.000000 0.369922 0.000000 0.929063 0.985122 0.985122 0.985122
4341.846680 0.000000 3893.837646 0.000000 0.444766 0.000000 0.895647 0.975062 0.975062 0.975062
4342.881348 0.000000 3877.362061 0.000000 0.024726 0.000000 0.999694 0.818588 0.818588 0.818588
4345.879395 0.000000 3879.174316 0.000000 0.033321 0.000000 0.999445 0.865657 0.865657 0.865657
4342.533203 0.000000 3879.198242 0.000000 0.068204 0.000000 0.997671 0.808691 0.808691 0.808691
4340.715820 0.000000 3880.225586 0.000000 0.651303 0.000000 0.758818 0.901065 0.901065 0.901065
4337.768555 0.000000 3875.302246 0.000000 0.733103 0.000000 0.680118 0.912240 0.912240 0.912240
4333.380859 0.000000 3872.657959 0.000000 0.150068 0.000000 0.988676 0.751815 0.751815 0.751815
4334.186035 0.000000 3875.488037 0.000000 0.034413 0.000000 0.999408 0.716163 0.716163 0.716163
4344.642090 0.000000 3892.631592 0.000000 0.719637 0.000000 0.694350 0.902277 0.902277 0.902277
4348.122559 0.000000 3884.371094 0.000000 0.041056 0.000000 0.999157 0.736486 0.736486 0.736486
4342.897949 0.000000 3891.137939 0.000000 0.732358 0.000000 0.680919 0.897152 0.897152 0.897152
4335.354492 0.000000 3873.831299 0.000000 0.250292 0.000000 0.968170 0.769701 0.769701 0.769701
4334.798828 0.000000 3877.781250 0.000000 0.337722 0.000000 0.941246 0.770386 0.770386 0.770386
4339.537109 0.000000 3966.455811 0.000000 0.194074 0.000000 0.980987 0.804264 0.804264 0.804264
4334.447266 0.000000 3964.250488 0.000000 0.000481 0.000000 1.000000 0.760858 0.760858 0.760858
4338.530762 0.000000 3968.843750 0.000000 0.669423 0.000000 0.742881 0.882931 0.882931 0.882931
4334.592285 0.000000 3969.775391 0.000000 0.269649 0.000000 0.962959 0.828283 0.828283 0.828283
4333.963867 0.000000 3971.121338 0.000000 0.294874 0.000000 0.955536 0.822240 0.822240 0.822240
4327.998047 0.000000 4062.818604 0.000000 0.630245 0.000000 0.776396 0.886818 0.886818 0.886818
4297.831543 0.000000 4036.535645 0.000000 0.698938 0.000000 0.715183 0.908485 0.908485 0.908485
4297.771484 0.000000 4042.956055 0.000000 0.581980 0.000000 0.813203 0.888572 0.888572 0.888572
4325.841797 0.000000 4056.299561 0.000000 0.706751 0.000000 0.707462 0.907784 0.907784 0.907784
4300.642090 0.000000 4035.433594 0.000000 0.185566 0.000000 0.982632 0.816854 0.816854 0.816854
4298.746582 0.000000 4035.279541 0.000000 0.245575 0.000000 0.969378 0.831591 0.831591 0.831591
4328.720703 0.000000 4059.513916 0.000000 0.115984 0.000000 0.993251 0.789381 0.789381 0.789381
4331.963867 0.000000 4055.637695 0.000000 0.045883 0.000000 0.998947 0.843914 0.843914 0.843914
4331.268555 0.000000 4054.172119 0.000000 0.466677 0.000000 0.884428 0.888914 0.888914 0.888914
4303.262695 0.000000 4035.782471 0.000000 0.039893 0.000000 0.999204 0.785971 0.785971 0.785971
4409.914062 0.000000 3847.061035 0.000000 0.134150 0.000000 0.990961 0.906773 0.906773 0.906773
4351.507812 0.000000 3892.338867 0.000000 0.695915 0.000000 0.718125 0.892000 0.892000 0.892000
4406.192383 0.000000 3841.148193 0.000000 0.646668 0.000000 0.762772 0.861377 0.861377 0.861377
4408.659180 0.000000 3844.061523 0.000000 0.526131 0.000000 0.850403 0.883235 0.883235 0.883235
4406.095215 0.000000 3843.189697 0.000000 0.584528 0.000000 0.811373 0.858221 0.858221 0.858221
4410.096191 0.000000 3844.637451 0.000000 0.718868 0.000000 0.695146 0.898298 0.898298 0.898298
4407.679199 0.000000 3839.457520 0.000000 0.421572 0.000000 0.906795 0.832728 0.832728 0.832728
4421.188477 0.000000 3839.608643 0.000000 0.493198 0.000000 0.869917 0.868303 0.868303 0.868303
4421.396484 0.000000 3848.471680 0.000000 0.222601 0.000000 0.974910 0.805054 0.805054 0.805054
4422.483887 0.000000 3847.437744 0.000000 0.284744 0.000000 0.958603 0.759946 0.759946 0.759946
4424.543457 0.000000 3841.900146 0.000000 0.239459 0.000000 0.970906 0.754477 0.754477 0.754477
4424.770508 0.000000 3844.948975 0.000000 0.640790 0.000000 0.767716 0.794596 0.794596 0.794596
4424.869629 0.000000 3843.981689 0.000000 0.130375 0.000000 0.991465 0.676436 0.676436 0.676436
4425.642090 0.000000 3845.566406 0.000000 0.469096 0.000000 0.883147 0.745957 0.745957 0.745957
4423.242188 0.000000 3935.165527 0.000000 0.125733 0.000000 0.992064 0.877367 0.877367 0.877367
4422.117188 0.000000 3926.175781 0.000000 0.346994 0.000000 0.937867 0.860303 0.860303 0.860303
4422.429688 0.000000 3927.856445 0.000000 0.529523 0.000000 0.848295 0.883694 0.883694 0.883694
4425.045898 0.000000 3924.955566 0.000000 0.369652 0.000000 0.929170 0.860114 0.860114 0.860114
4424.250488 0.000000 3930.639648 0.000000 0.165794 0.000000 0.986160 0.835230 0.835230 0.835230
4425.804688 0.000000 3926.673828 0.000000 0.413813 0.000000 0.910362 0.865747 0.865747 0.865747
4433.837891 0.000000 3924.115479 0.000000 0.304069 0.000000 0.952650 0.864540 0.864540 0.864540
4422.049805 0.000000 3932.348633 0.000000 0.520126 0.000000 0.854089 0.897762 0.897762 0.897762
4428.324707 0.000000 3928.591309 0.000000 0.685526 0.000000 0.728048 0.902279 0.902279 0.902279
4431.011230 0.000000 3927.179688 0.000000 0.427030 0.000000 0.904237 0.836435 0.836435 0.836435
4427.589844 0.000000 3924.077393 0.000000 0.255183 0.000000 0.966893 0.845964 0.845964 0.845964
4421.018066 0.000000 3923.040039 0.000000 0.591227 0.000000 0.806505 0.885227 0.885227 0.885227
4423.649414 0.000000 3917.288330 0.000000 0.181199 0.000000 0.983446 0.854399 0.854399 0.854399
4432.449707 0.000000 3924.694824 0.000000 0.005947 0.000000 0.999982 0.832011 0.832011 0.832011
4433.405273 0.000000 3919.367676 0.000000 0.536832 0.000000 0.843689 0.862124 0.862124 0.862124
4427.147461 0.000000 3926.798828 0.000000 0.087069 0.000000 0.996202 0.822212 0.822212 0.822212
4420.951660 0.000000 3918.400146 0.000000 0.669502 0.000000 0.742810 0.872494 0.872494 0.872494
4430.973145 0.000000 3928.456299 0.000000 0.261227 0.000000 0.965277 0.814080 0.814080 0.814080
4491.311523 0.000000 3854.491211 0.000000 0.069262 0.000000 0.997599 0.985006 0.985006 0.985006
4492.184570 0.000000 3849.755371 0.000000 0.042687 0.000000 0.999089 0.843586 0.843586 0.843586
4482.332520 0.000000 3853.861816 0.000000 0.185828 0.000000 0.982582 0.809979 0.809979 0.809979
4492.618652 0.000000 3843.480469 0.000000 0.046688 0.000000 0.998910 0.809752 0.809752 0.809752
4483.576660 0.000000 3856.472656 0.000000 0.462378 0.000000 0.886683 0.869366 0.869366 0.869366
4492.368652 0.000000 3840.626953 0.000000 0.424454 0.000000 0.905449 0.892567 0.892567 0.892567
4482.277344 0.000000 3855.594482 0.000000 0.569262 0.000000 0.822156 0.862651 0.862651 0.862651
4484.943848 0.000000 3854.415771 0.000000 0.649943 0.000000 0.759983 0.898704 0.898704 0.898704
4483.869141 0.000000 3844.163574 0.000000 0.071231 0.000000 0.997460 0.820308 0.820308 0.820308
4488.196289 0.000000 3848.322021 0.000000 0.328374 0.000000 0.944548 0.824083 0.824083 0.824083
4512.020020 0.000000 3939.163330 0.000000 0.164074 0.000000 0.986448 0.891187 0.891187 0.891187
4522.446777 0.000000 3915.302734 0.000000 0.130556 0.000000 0.991441 0.791508 0.791508 0.791508
4511.229004 0.000000 3938.154297 0.000000 0.429314 0.000000 0.903155 0.859312 0.859312 0.859312
4525.366211 0.000000 3913.526855 0.000000 0.551515 0.000000 0.834165 0.753686 0.753686 0.753686
4368.062012 0.000000 3970.785889 0.000000 0.398318 0.000000 0.917247 0.991304 0.991304 0.991304
4375.758301 0.000000 3976.954834 0.000000 0.256856 0.000000 0.966450 0.983635 0.983635 0.983635
4380.230957 0.000000 3970.652832 0.000000 0.663201 0.000000 0.748442 0.898655 0.898655 0.898655
4375.695801 0.000000 3973.661865 0.000000 0.591165 0.000000 0.806550 0.892245 0.892245 0.892245
4382.532715 0.000000 3968.521484 0.000000 0.304264 0.000000 0.952588 0.855113 0.855113 0.855113
4377.720703 0.000000 3970.104004 0.000000 0.644726 0.000000 0.764414 0.880522 0.880522 0.880522
4377.371582 0.000000 3967.297607 0.000000 0.253776 0.000000 0.967263 0.806421 0.806421 0.806421
4426.678711 0.000000 4053.272949 0.000000 0.378576 0.000000 0.925570 0.949811 0.949811 0.949811
4429.320312 0.000000 4044.047363 0.000000 0.586722 0.000000 0.809788 0.922245 0.922245 0.922245
4420.182129 0.000000 4060.624512 0.000000 0.221465 0.000000 0.975168 0.872166 0.872166 0.872166
4422.880859 0.000000 4061.682861 0.000000 0.571876 0.000000 0.820340 0.894325 0.894325 0.894325
4476.374512 0.000000 4060.133057 0.000000 0.365911 0.000000 0.930650 0.701367 0.701367 0.701367
4551.447754 0.000000 3993.153076 0.000000 0.090952 0.000000 0.995855 0.948281 0.948281 0.948281
4550.101562 0.000000 3990.160156 0.000000 0.643732 0.000000 0.765251 0.930382 0.930382 0.930382
4553.030273 0.000000 3988.939941 0.000000 0.717610 0.000000 0.696446 0.894212 0.894212 0.894212
4603.093262 0.000000 4024.235352 0.000000 0.268718 0.000000 0.963219 0.867063 0.867063 0.867063
4603.826172 0.000000 4021.996338 0.000000 0.275985 0.000000 0.961162 0.732450 0.732450 0.732450
4557.910645 0.000000 3988.509521 0.000000 0.685526 0.000000 0.728048 0.784199 0.784199 0.784199
4604.414062 0.000000 4019.597900 0.000000 0.726157 0.000000 0.687528 0.797494 0.797494 0.797494
4554.930664 0.000000 3987.471924 0.000000 0.058304 0.000000 0.998299 0.539337 0.539337 0.539337
4497.420410 0.000000 4075.145264 0.000000 0.461539 0.000000 0.887120 0.929179 0.929179 0.929179
4488.714844 0.000000 4075.285400 0.000000 0.205737 0.000000 0.978607 0.666384 0.666384 0.666384
4486.867676 0.000000 4071.515381 0.000000 0.267070 0.000000 0.963677 0.668844 0.668844 0.668844
4489.638672 0.000000 4075.195312 0.000000 0.453248 0.000000 0.891384 0.730777 0.730777 0.730777
4484.359375 0.000000 4077.728516 0.000000 0.677222 0.000000 0.735779 0.768811 0.768811 0.768811
4486.825195 0.000000 4076.367676 0.000000 0.228688 0.000000 0.973500 0.561734 0.561734 0.561734
4603.677246 0.000000 4032.401855 0.000000 0.550674 0.000000 0.834720 0.787954 0.787954 0.787954
4602.072754 0.000000 4036.590576 0.000000 0.687489 0.000000 0.726195 0.855932 0.855932 0.855932
4606.863281 0.000000 4039.176514 0.000000 0.485965 0.000000 0.873978 0.787628 0.787628 0.787628
4602.027832 0.000000 4037.834717 0.000000 0.516154 0.000000 0.856496 0.817704 0.817704 0.817704
4604.265137 0.000000 4034.788086 0.000000 0.630204 0.000000 0.776429 0.786939 0.786939 0.786939
4603.288086 0.000000 4034.773682 0.000000 0.480335 0.000000 0.877085 0.756966 0.756966 0.756966
4614.158691 0.000000 3819.897949 0.000000 0.733437 0.000000 0.679757 0.938422 0.938422 0.938422
4617.980469 0.000000 3828.617676 0.000000 0.725539 0.000000 0.688181 0.927997 0.927997 0.927997
4608.176270 0.000000 3822.886719 0.000000 0.343109 0.000000 0.939296 0.792789 0.792789 0.792789
4608.451172 0.000000 3820.226074 0.000000 0.287278 0.000000 0.957847 0.801965 0.801965 0.801965
4616.359863 0.000000 3821.620361 0.000000 0.201352 0.000000 0.979519 0.658458 0.658458 0.658458
4618.297363 0.000000 3820.033447 0.000000 0.030687 0.000000 0.999529 0.776993 0.776993 0.776993
4613.732422 0.000000 3828.447510 0.000000 0.289901 0.000000 0.957057 0.703583 0.703583 0.703583
4615.763184 0.000000 3829.197754 0.000000 0.236055 0.000000 0.971740 0.727216 0.727216 0.727216
4608.904297 0.000000 3821.320312 0.000000 0.583661 0.000000 0.811998 0.853330 0.853330 0.853330
4613.985352 0.000000 3822.235596 0.000000 0.295771 0.000000 0.955259 0.666945 0.666945 0.666945
4608.039551 0.000000 3827.335205 0.000000 0.561312 0.000000 0.827604 0.802870 0.802870 0.802870
4615.687012 0.000000 3822.540527 0.000000 0.691975 0.000000 0.721921 0.788566 0.788566 0.788566
4617.697266 0.000000 3822.921143 0.000000 0.550057 0.000000 0.835127 0.740913 0.740913 0.740913
4607.438965 0.000000 3825.275391 0.000000 0.262896 0.000000 0.964824 0.703574 0.703574 0.703574
4613.054199 0.000000 3826.363770 0.000000 0.402747 0.000000 0.915311 0.702669 0.702669 0.702669
4617.361328 0.000000 3827.806396 0.000000 0.156799 0.000000 0.987631 0.675379 0.675379 0.675379
4615.101074 0.000000 3826.726807 0.000000 0.659686 0.000000 0.751541 0.777079 0.777079 0.777079
4623.878906 0.000000 3948.405029 0.000000 0.662132 0.000000 0.749387 0.997885 0.997885 0.997885
4633.754395 0.000000 3938.023438 0.000000 0.533789 0.000000 0.845618 0.906914 0.906914 0.906914
4636.679199 0.000000 3936.194580 0.000000 0.644015 0.000000 0.765013 0.904316 0.904316 0.904316
4644.621582 0.000000 3921.064697 0.000000 0.360056 0.000000 0.932931 0.855903 0.855903 0.855903
4631.395508 0.000000 3926.768066 0.000000 0.624851 0.000000 0.780744 0.868044 0.868044 0.868044
4636.843262 0.000000 3914.838623 0.000000 0.339955 0.000000 0.940442 0.819720 0.819720 0.819720
4628.327148 0.000000 3930.828613 0.000000 0.372353 0.000000 0.928091 0.851549 0.851549 0.851549
4624.296875 0.000000 3944.409668 0.000000 0.350879 0.000000 0.936421 0.830514 0.830514 0.830514
4633.502930 0.000000 3935.641113 0.000000 0.280925 0.000000 0.959730 0.842678 0.842678 0.842678
4632.451660 0.000000 3931.961914 0.000000 0.020522 0.000000 0.999789 0.752299 0.752299 0.752299
4626.679688 0.000000 3935.702148 0.000000 0.040625 0.000000 0.999174 0.797534 0.797534 0.797534
4624.689453 0.000000 3940.454590 0.000000 0.064884 0.000000 0.997893 0.819545 0.819545 0.819545
4626.540039 0.000000 3934.284668 0.000000 0.670275 0.000000 0.742113 0.889354 0.889354 0.889354
4627.455078 0.000000 3944.606689 0.000000 0.417524 0.000000 0.908666 0.866226 0.866226 0.866226
4638.205566 0.000000 3921.669434 0.000000 0.425173 0.000000 0.905112 0.807886 0.807886 0.807886
4624.367188 0.000000 3936.061279 0.000000 0.418486 0.000000 0.908223 0.860663 0.860663 0.860663
4627.648438 0.000000 3933.322021 0.000000 0.695490 0.000000 0.718536 0.885916 0.885916 0.885916
4633.927246 0.000000 3924.363525 0.000000 0.133914 0.000000 0.990993 0.738205 0.738205 0.738205
4635.319824 0.000000 3919.424805 0.000000 0.465551 0.000000 0.885021 0.829106 0.829106 0.829106
4636.968262 0.000000 3917.369141 0.000000 0.652596 0.000000 0.757706 0.877649 0.877649 0.877649
4635.006348 0.000000 3916.137695 0.000000 0.039768 0.000000 0.999209 0.763020 0.763020 0.763020
4632.726074 0.000000 3924.302979 0.000000 0.419335 0.000000 0.907831 0.792587 0.792587 0.792587
4642.624512 0.000000 3919.897217 0.000000 0.224712 0.000000 0.974425 0.738253 0.738253 0.738253
4643.416016 0.000000 4026.228271 0.000000 0.617010 0.000000 0.786956 0.968339 0.968339 0.968339
4628.337402 0.000000 4030.057373 0.000000 0.681248 0.000000 0.732052 0.891324 0.891324 0.891324
4633.271484 0.000000 4028.471191 0.000000 0.650369 0.000000 0.759618 0.851385 0.851385 0.851385
4610.530273 0.000000 4011.143311 0.000000 0.111791 0.000000 0.993732 0.799696 0.799696 0.799696
4617.783203 0.000000 4025.456543 0.000000 0.298718 0.000000 0.954341 0.759518 0.759518 0.759518
4611.265625 0.000000 4012.977295 0.000000 0.352245 0.000000 0.935908 0.845833 0.845833 0.845833
4639.114746 0.000000 4026.087402 0.000000 0.080686 0.000000 0.996740 0.646608 0.646608 0.646608
4630.064941 0.000000 4028.389893 0.000000 0.053320 0.000000 0.998577 0.765120 0.765120 0.765120
4626.632324 0.000000 4030.212402 0.000000 0.528013 0.000000 0.849236 0.853095 0.853095 0.853095
4631.198730 0.000000 4030.508545 0.000000 0.068807 0.000000 0.997630 0.790019 0.790019 0.790019
4619.757324 0.000000 4027.259033 0.000000 0.070259 0.000000 0.997529 0.775239 0.775239 0.775239
4617.374512 0.000000 4026.731934 0.000000 0.131345 0.000000 0.991337 0.716176 0.716176 0.716176
4638.820801 0.000000 4029.753418 0.000000 0.006975 0.000000 0.999976 0.656434 0.656434 0.656434
4625.712402 0.000000 4029.256592 0.000000 0.661148 0.000000 0.750255 0.788181 0.788181 0.788181
4612.411133 0.000000 4010.109131 0.000000 0.731770 0.000000 0.681552 0.878313 0.878313 0.878313
4617.029785 0.000000 4024.501709 0.000000 0.712485 0.000000 0.701688 0.852429 0.852429 0.852429
4624.875488 0.000000 4026.946289 0.000000 0.542023 0.000000 0.840364 0.755839 0.755839 0.755839
4620.887695 0.000000 4028.306885 0.000000 0.211011 0.000000 0.977484 0.660922 0.660922 0.660922
4615.214355 0.000000 4025.276123 0.000000 0.337597 0.000000 0.941291 0.807103 0.807103 0.807103
4633.750977 0.000000 4027.371338 0.000000 0.600868 0.000000 0.799348 0.852011 0.852011 0.852011
4621.827637 0.000000 4030.965332 0.000000 0.634291 0.000000 0.773094 0.792616 0.792616 0.792616
4623.879883 0.000000 4030.329346 0.000000 0.426209 0.000000 0.904625 0.703654 0.703654 0.703654
4616.917480 0.000000 4029.489502 0.000000 0.045119 0.000000 0.998982 0.641965 0.641965 0.641965
4640.573242 0.000000 4028.153564 0.000000 0.735517 0.000000 0.677507 0.808590 0.808590 0.808590
4631.409668 0.000000 4027.743408 0.000000 0.466651 0.000000 0.884442 0.818464 0.818464 0.818464
4615.710449 0.000000 4026.630859 0.000000 0.381293 0.000000 0.924454 0.767350 0.767350 0.767350
4610.397949 0.000000 4025.826172 0.000000 0.651175 0.000000 0.758928 0.709590 0.709590 0.709590
4611.447266 0.000000 4023.946045 0.000000 0.367036 0.000000 0.930207 0.639019 0.639019 0.639019
4613.272461 0.000000 4026.601807 0.000000 0.679206 0.000000 0.733948 0.837462 0.837462 0.837462
4617.361328 0.000000 4019.759521 0.000000 0.315108 0.000000 0.949056 0.703481 0.703481 0.703481
4617.099609 0.000000 4020.947510 0.000000 0.071627 0.000000 0.997431 0.636968 0.636968 0.636968
4620.417969 0.000000 4029.260010 0.000000 0.438050 0.000000 0.898950 0.721044 0.721044 0.721044
4608.342773 0.000000 4024.470215 0.000000 0.302323 0.000000 0.953205 0.662436 0.662436 0.662436
4610.327148 0.000000 4022.898926 0.000000 0.690332 0.000000 0.723493 0.755661 0.755661 0.755661
4643.738770 0.000000 4033.401123 0.000000 0.457377 0.000000 0.889273 0.904254 0.904254 0.904254
4621.094238 0.000000 4046.620850 0.000000 0.080339 0.000000 0.996768 0.821402 0.821402 0.821402
4630.562012 0.000000 4042.333740 0.000000 0.167350 0.000000 0.985898 0.810903 0.810903 0.810903
4617.732422 0.000000 4042.956055 0.000000 0.568257 0.000000 0.822851 0.867302 0.867302 0.867302
4633.689453 0.000000 4034.088379 0.000000 0.028243 0.000000 0.999601 0.811299 0.811299 0.811299
4633.340332 0.000000 4031.281982 0.000000 0.329648 0.000000 0.944104 0.784197 0.784197 0.784197
4635.616211 0.000000 4032.258057 0.000000 0.191530 0.000000 0.981487 0.793574 0.793574 0.793574
4641.629883 0.000000 4041.989746 0.000000 0.592651 0.000000 0.805459 0.822320 0.822320 0.822320
4641.007324 0.000000 4045.420166 0.000000 0.625249 0.000000 0.780425 0.865884 0.865884 0.865884
4610.877441 0.000000 4039.914551 0.000000 0.237187 0.000000 0.971464 0.787282 0.787282 0.787282
4632.458496 0.000000 4044.554688 0.000000 0.681436 0.000000 0.731878 0.844211 0.844211 0.844211
4640.082031 0.000000 4040.021240 0.000000 0.577581 0.000000 0.816333 0.818794 0.818794 0.818794
4617.649902 0.000000 4031.898193 0.000000 0.725535 0.000000 0.688185 0.801042 0.801042 0.801042
4638.670898 0.000000 4035.047363 0.000000 0.712689 0.000000 0.701480 0.873835 0.873835 0.873835
4610.431641 0.000000 4037.948486 0.000000 0.651300 0.000000 0.758820 0.855898 0.855898 0.855898
4608.861816 0.000000 4033.710449 0.000000 0.530307 0.000000 0.847805 0.808017 0.808017 0.808017
4609.945312 0.000000 4039.330078 0.000000 0.690495 0.000000 0.723337 0.858686 0.858686 0.858686
4611.987305 0.000000 4031.266846 0.000000 0.720422 0.000000 0.693536 0.793362 0.793362 0.793362
4619.642578 0.000000 4038.883301 0.000000 0.426843 0.000000 0.904326 0.636143 0.636143 0.636143
4614.893555 0.000000 4036.528320 0.000000 0.462717 0.000000 0.886506 0.673530 0.673530 0.673530
4624.144043 0.000000 4031.710205 0.000000 0.705248 0.000000 0.708961 0.799331 0.799331 0.799331
4615.609375 0.000000 4031.276855 0.000000 0.045679 0.000000 0.998956 0.524064 0.524064 0.524064
4617.980957 0.000000 4050.470947 0.000000 0.488943 0.000000 0.872316 0.759201 0.759201 0.759201
4626.230957 0.000000 4034.147217 0.000000 0.688185 0.000000 0.725535 0.825701 0.825701 0.825701
4626.902344 0.000000 4035.127930 0.000000 0.484233 0.000000 0.874939 0.771274 0.771274 0.771274
4624.909668 0.000000 4035.305664 0.000000 0.070830 0.000000 0.997488 0.659242 0.659242 0.659242
4618.239746 0.000000 4032.753906 0.000000 0.487542 0.000000 0.873099 0.700534 0.700534 0.700534
4616.643555 0.000000 4038.902344 0.000000 0.243423 0.000000 0.969920 0.609693 0.609693 0.609693
4640.942871 0.000000 4032.574951 0.000000 0.724804 0.000000 0.688955 0.814046 0.814046 0.814046
4623.652832 0.000000 4033.878906 0.000000 0.540127 0.000000 0.841584 0.760281 0.760281 0.760281
4616.168945 0.000000 4034.775146 0.000000 0.533818 0.000000 0.845599 0.680501 0.680501 0.680501
4618.986328 0.000000 4047.341553 0.000000 0.050478 0.000000 0.998725 0.620450 0.620450 0.620450
4618.030273 0.000000 4034.766357 0.000000 0.458172 0.000000 0.888863 0.677463 0.677463 0.677463
4618.127930 0.000000 4039.121826 0.000000 0.332758 0.000000 0.943012 0.603367 0.603367 0.603367
4715.117188 0.000000 4057.162109 0.000000 0.164426 0.000000 0.986389 0.891215 0.891215 0.891215
4719.440430 0.000000 4046.989502 0.000000 0.270243 0.000000 0.962792 0.857510 0.857510 0.857510
4716.751953 0.000000 4045.266113 0.000000 0.327572 0.000000 0.944826 0.854846 0.854846 0.854846
4725.998047 0.000000 4060.474854 0.000000 0.164305 0.000000 0.986410 0.726259 0.726259 0.726259
4722.621094 0.000000 4056.129395 0.000000 0.079844 0.000000 0.996807 0.750625 0.750625 0.750625
4713.637695 0.000000 4060.924805 0.000000 0.504488 0.000000 0.863419 0.708641 0.708641 0.708641
4712.736328 0.000000 4062.185059 0.000000 0.732182 0.000000 0.681109 0.842869 0.842869 0.842869
"}
object={
	name="reeds_01_generator_1_1"
	render_pass=Map
	clamp_to_water_level=no
	generated_content=yes
	layer="grass_layer"
	pdxmesh="reeds_07_grass_mesh"
	count=661
	transform="3037.137451 0.000000 1985.239258 0.000000 0.885242 0.000000 0.465131 0.995169 0.995169 0.995169
3009.862061 0.000000 1984.545654 0.000000 0.879207 0.000000 0.476441 0.971485 0.971485 0.971485
3029.689697 0.000000 1987.862671 0.000000 0.875577 0.000000 0.483079 0.953429 0.953429 0.953429
3027.270752 0.000000 1986.094482 0.000000 0.918255 0.000000 0.395991 0.943078 0.943078 0.943078
3239.142090 0.000000 3168.535889 0.000000 0.958535 0.000000 0.284976 0.976913 0.976913 0.976913
3249.233643 0.000000 3172.772949 0.000000 0.758455 0.000000 0.651726 0.959240 0.959240 0.959240
3228.168457 0.000000 3185.738525 0.000000 0.801940 0.000000 0.597405 0.948850 0.948850 0.948850
3238.668945 0.000000 3170.218018 0.000000 0.976547 0.000000 0.215306 0.977788 0.977788 0.977788
3232.964600 0.000000 3174.577393 0.000000 0.780245 0.000000 0.625474 0.934206 0.934206 0.934206
3236.985352 0.000000 3172.113037 0.000000 0.975739 0.000000 0.218939 0.963079 0.963079 0.963079
3244.760742 0.000000 3175.183105 0.000000 0.916910 0.000000 0.399093 0.920058 0.920058 0.920058
3244.274170 0.000000 3178.408691 0.000000 0.948907 0.000000 0.315554 0.905424 0.905424 0.905424
3231.958496 0.000000 3182.308105 0.000000 0.967183 0.000000 0.254080 0.930734 0.930734 0.930734
3244.012451 0.000000 3174.467285 0.000000 0.920978 0.000000 0.389614 0.922066 0.922066 0.922066
3241.221680 0.000000 3173.248535 0.000000 0.746201 0.000000 0.665720 0.770852 0.770852 0.770852
3234.334717 0.000000 3181.958496 0.000000 0.900748 0.000000 0.434342 0.833986 0.833986 0.833986
3238.331055 0.000000 3183.060791 0.000000 0.953264 0.000000 0.302140 0.905747 0.905747 0.905747
3239.956543 0.000000 3172.070068 0.000000 0.953846 0.000000 0.300296 0.916240 0.916240 0.916240
3231.467529 0.000000 3179.527344 0.000000 0.992708 0.000000 0.120547 0.968625 0.968625 0.968625
3240.985596 0.000000 3172.352783 0.000000 0.902431 0.000000 0.430833 0.859888 0.859888 0.859888
3235.656494 0.000000 3185.819092 0.000000 0.990157 0.000000 0.139958 0.958634 0.958634 0.958634
3237.944580 0.000000 3183.841553 0.000000 0.952367 0.000000 0.304953 0.900199 0.900199 0.900199
3240.589355 0.000000 3179.476318 0.000000 0.907403 0.000000 0.420261 0.853817 0.853817 0.853817
3239.909180 0.000000 3176.831055 0.000000 0.935088 0.000000 0.354415 0.867947 0.867947 0.867947
3239.616943 0.000000 3183.398682 0.000000 0.877599 0.000000 0.479396 0.846473 0.846473 0.846473
3238.838867 0.000000 3178.675293 0.000000 0.870257 0.000000 0.492599 0.823831 0.823831 0.823831
3824.158936 0.000000 3433.188477 0.000000 0.939913 0.000000 0.341415 0.984343 0.984343 0.984343
3821.877686 0.000000 3439.135010 0.000000 0.850954 0.000000 0.525241 0.959963 0.959963 0.959963
3822.247803 0.000000 3437.862793 0.000000 0.967645 0.000000 0.252316 0.966249 0.966249 0.966249
3857.155518 0.000000 3502.465576 0.000000 0.845837 0.000000 0.533441 0.971906 0.971906 0.971906
3902.139648 0.000000 3497.357666 0.000000 0.772043 0.000000 0.635571 0.931220 0.931220 0.931220
3862.473145 0.000000 3510.659424 0.000000 0.856688 0.000000 0.515835 0.913403 0.913403 0.913403
3857.813477 0.000000 3506.458252 0.000000 0.863966 0.000000 0.503550 0.878796 0.878796 0.878796
3859.369629 0.000000 3506.005371 0.000000 0.758040 0.000000 0.652208 0.820848 0.820848 0.820848
3858.893066 0.000000 3504.487061 0.000000 0.982017 0.000000 0.188794 0.954479 0.954479 0.954479
3858.623291 0.000000 3507.983398 0.000000 0.932448 0.000000 0.361304 0.906788 0.906788 0.906788
3904.750488 0.000000 3495.203369 0.000000 0.881372 0.000000 0.472424 0.933667 0.933667 0.933667
3871.995605 0.000000 3567.311768 0.000000 0.894794 0.000000 0.446479 0.946848 0.946848 0.946848
3868.585449 0.000000 3579.757568 0.000000 0.973480 0.000000 0.228771 0.981560 0.981560 0.981560
3871.885010 0.000000 3581.039551 0.000000 0.924521 0.000000 0.381131 0.947285 0.947285 0.947285
3875.401123 0.000000 3562.166504 0.000000 0.933915 0.000000 0.357495 0.953452 0.953452 0.953452
3875.331543 0.000000 3571.515137 0.000000 0.789644 0.000000 0.613565 0.884560 0.884560 0.884560
3875.660156 0.000000 3574.161865 0.000000 0.738191 0.000000 0.674592 0.907576 0.907576 0.907576
3875.612549 0.000000 3564.295166 0.000000 0.912853 0.000000 0.408288 0.944350 0.944350 0.944350
3870.914062 0.000000 3581.862793 0.000000 0.781035 0.000000 0.624487 0.909072 0.909072 0.909072
3826.593262 0.000000 3793.807617 0.000000 0.819100 0.000000 0.573651 0.987798 0.987798 0.987798
3834.928711 0.000000 3790.816650 0.000000 0.956993 0.000000 0.290112 0.988243 0.988243 0.988243
3822.247559 0.000000 3810.128418 0.000000 0.975405 0.000000 0.220418 0.986684 0.986684 0.986684
3838.147461 0.000000 3817.279541 0.000000 0.970509 0.000000 0.241064 0.975080 0.975080 0.975080
3834.431885 0.000000 3805.437256 0.000000 0.976497 0.000000 0.215531 0.982103 0.982103 0.982103
3830.881104 0.000000 3791.948242 0.000000 0.963106 0.000000 0.269122 0.977551 0.977551 0.977551
3775.993652 0.000000 3785.902344 0.000000 0.988794 0.000000 0.149285 0.979051 0.979051 0.979051
3830.347656 0.000000 3819.458984 0.000000 0.743371 0.000000 0.668879 0.892076 0.892076 0.892076
3833.144043 0.000000 3826.150391 0.000000 0.994122 0.000000 0.108268 0.981855 0.981855 0.981855
3781.474121 0.000000 3784.487305 0.000000 0.976650 0.000000 0.214837 0.976215 0.976215 0.976215
3823.061279 0.000000 3815.804688 0.000000 0.937107 0.000000 0.349043 0.948372 0.948372 0.948372
3821.408203 0.000000 3825.919434 0.000000 0.981832 0.000000 0.189752 0.961871 0.961871 0.961871
3837.233887 0.000000 3806.725586 0.000000 0.759668 0.000000 0.650311 0.918693 0.918693 0.918693
3837.209473 0.000000 3803.616699 0.000000 0.971481 0.000000 0.237119 0.972507 0.972507 0.972507
3835.089111 0.000000 3816.178223 0.000000 0.986888 0.000000 0.161404 0.976931 0.976931 0.976931
3779.954590 0.000000 3780.179199 0.000000 0.881688 0.000000 0.471833 0.895728 0.895728 0.895728
3832.147949 0.000000 3792.322754 0.000000 0.976169 0.000000 0.217011 0.971055 0.971055 0.971055
3777.170654 0.000000 3778.870605 0.000000 0.815712 0.000000 0.578458 0.899902 0.899902 0.899902
3831.342773 0.000000 3808.870117 0.000000 0.807747 0.000000 0.589530 0.919725 0.919725 0.919725
3832.428711 0.000000 3821.599854 0.000000 0.738224 0.000000 0.674556 0.894644 0.894644 0.894644
3836.184814 0.000000 3820.386719 0.000000 0.909589 0.000000 0.415509 0.937953 0.937953 0.937953
3836.486328 0.000000 3797.098877 0.000000 0.849506 0.000000 0.527579 0.915365 0.915365 0.915365
3836.936279 0.000000 3799.229492 0.000000 0.916693 0.000000 0.399593 0.941503 0.941503 0.941503
3832.822754 0.000000 3823.907959 0.000000 0.977714 0.000000 0.209941 0.967789 0.967789 0.967789
3826.644531 0.000000 3815.407471 0.000000 0.784382 0.000000 0.620278 0.881399 0.881399 0.881399
3826.784180 0.000000 3810.823242 0.000000 0.846780 0.000000 0.531944 0.896378 0.896378 0.896378
3835.303223 0.000000 3797.698242 0.000000 0.907367 0.000000 0.420339 0.850539 0.850539 0.850539
3834.581055 0.000000 3796.304932 0.000000 0.763605 0.000000 0.645684 0.758172 0.758172 0.758172
3873.782471 0.000000 3644.278076 0.000000 0.995686 0.000000 0.092789 0.998840 0.998840 0.998840
3872.068359 0.000000 3634.413574 0.000000 0.837309 0.000000 0.546731 0.965341 0.965341 0.965341
3875.832520 0.000000 3585.510498 0.000000 0.903948 0.000000 0.427642 0.958079 0.958079 0.958079
3871.546143 0.000000 3637.603271 0.000000 0.967592 0.000000 0.252518 0.966859 0.966859 0.966859
3875.857910 0.000000 3590.012451 0.000000 0.751685 0.000000 0.659523 0.922687 0.922687 0.922687
3871.622314 0.000000 3640.527588 0.000000 0.773214 0.000000 0.634145 0.876528 0.876528 0.876528
3871.687500 0.000000 3583.535400 0.000000 0.992322 0.000000 0.123681 0.983593 0.983593 0.983593
3869.153809 0.000000 3640.927002 0.000000 0.956165 0.000000 0.292830 0.931000 0.931000 0.931000
3868.148926 0.000000 3640.443115 0.000000 0.785646 0.000000 0.618676 0.845124 0.845124 0.845124
3870.764648 0.000000 3643.119141 0.000000 0.860875 0.000000 0.508817 0.894718 0.894718 0.894718
3866.965088 0.000000 3661.448242 0.000000 0.947873 0.000000 0.318648 0.955470 0.955470 0.955470
3871.016357 0.000000 3659.805664 0.000000 0.893291 0.000000 0.449478 0.941808 0.941808 0.941808
3841.821289 0.000000 3807.005127 0.000000 0.969228 0.000000 0.246163 0.988202 0.988202 0.988202
3840.537109 0.000000 3801.503906 0.000000 0.960373 0.000000 0.278717 0.978140 0.978140 0.978140
3800.997559 0.000000 3904.709473 0.000000 0.828898 0.000000 0.559400 0.985179 0.985179 0.985179
3802.565430 0.000000 3907.593994 0.000000 0.826714 0.000000 0.562623 0.979114 0.979114 0.979114
3794.376465 0.000000 3927.937744 0.000000 0.948140 0.000000 0.317852 0.991925 0.991925 0.991925
3798.599854 0.000000 3905.761963 0.000000 0.982167 0.000000 0.188009 0.988195 0.988195 0.988195
3831.265381 0.000000 3933.174072 0.000000 0.952542 0.000000 0.304406 0.976061 0.976061 0.976061
3838.769043 0.000000 3934.642822 0.000000 0.976990 0.000000 0.213284 0.987658 0.987658 0.987658
3836.438721 0.000000 3928.463135 0.000000 0.947490 0.000000 0.319785 0.975621 0.975621 0.975621
3796.428467 0.000000 3930.828613 0.000000 0.774096 0.000000 0.633068 0.929832 0.929832 0.929832
3832.782959 0.000000 3933.807617 0.000000 0.886648 0.000000 0.462446 0.936388 0.936388 0.936388
3818.702148 0.000000 3919.775391 0.000000 0.975975 0.000000 0.217883 0.964905 0.964905 0.964905
3814.253174 0.000000 3915.634521 0.000000 0.865684 0.000000 0.500590 0.926702 0.926702 0.926702
3836.500244 0.000000 3940.780762 0.000000 0.875813 0.000000 0.482650 0.952217 0.952217 0.952217
3799.885986 0.000000 3922.328125 0.000000 0.940555 0.000000 0.339641 0.949822 0.949822 0.949822
3819.713379 0.000000 3914.172852 0.000000 0.846006 0.000000 0.533174 0.945247 0.945247 0.945247
3817.376953 0.000000 3912.045410 0.000000 0.916513 0.000000 0.400005 0.945549 0.945549 0.945549
3803.616211 0.000000 3925.966064 0.000000 0.910481 0.000000 0.413552 0.957424 0.957424 0.957424
3797.984863 0.000000 3915.756836 0.000000 0.954093 0.000000 0.299509 0.946842 0.946842 0.946842
3820.299072 0.000000 3924.828369 0.000000 0.975873 0.000000 0.218339 0.966479 0.966479 0.966479
3809.461182 0.000000 3930.722412 0.000000 0.952284 0.000000 0.305213 0.951217 0.951217 0.951217
3818.169678 0.000000 3923.481934 0.000000 0.970420 0.000000 0.241422 0.962258 0.962258 0.962258
3798.590332 0.000000 3912.212646 0.000000 0.845255 0.000000 0.534364 0.900072 0.900072 0.900072
3831.022705 0.000000 3939.749756 0.000000 0.938572 0.000000 0.345084 0.960418 0.960418 0.960418
3834.389404 0.000000 3931.023926 0.000000 0.915682 0.000000 0.401904 0.929786 0.929786 0.929786
3810.077393 0.000000 3927.315918 0.000000 0.855523 0.000000 0.517765 0.922553 0.922553 0.922553
3807.898438 0.000000 3923.718262 0.000000 0.984167 0.000000 0.177242 0.972420 0.972420 0.972420
3806.379150 0.000000 3923.181396 0.000000 0.930703 0.000000 0.365775 0.942038 0.942038 0.942038
3804.285645 0.000000 3923.483887 0.000000 0.903761 0.000000 0.428037 0.926014 0.926014 0.926014
3807.655518 0.000000 3928.214355 0.000000 0.951189 0.000000 0.308609 0.948306 0.948306 0.948306
3809.731201 0.000000 3914.020996 0.000000 0.988174 0.000000 0.153338 0.979630 0.979630 0.979630
3813.540527 0.000000 3912.913086 0.000000 0.953323 0.000000 0.301951 0.956350 0.956350 0.956350
3799.111816 0.000000 3916.434082 0.000000 0.791164 0.000000 0.611605 0.871850 0.871850 0.871850
3806.112061 0.000000 3927.415283 0.000000 0.944102 0.000000 0.329655 0.943808 0.943808 0.943808
3835.964844 0.000000 3935.552979 0.000000 0.794839 0.000000 0.606820 0.894188 0.894188 0.894188
3798.019531 0.000000 3913.358643 0.000000 0.964249 0.000000 0.264998 0.952460 0.952460 0.952460
3834.534180 0.000000 3932.239990 0.000000 0.937377 0.000000 0.348315 0.936937 0.936937 0.936937
3815.103516 0.000000 3916.458496 0.000000 0.810591 0.000000 0.585613 0.906284 0.906284 0.906284
3798.846924 0.000000 3910.347656 0.000000 0.886423 0.000000 0.462877 0.914698 0.914698 0.914698
3831.511230 0.000000 4014.452393 0.000000 0.907003 0.000000 0.421124 0.941399 0.941399 0.941399
3827.772949 0.000000 4002.326660 0.000000 0.933335 0.000000 0.359007 0.969747 0.969747 0.969747
3827.696045 0.000000 4007.036865 0.000000 0.986714 0.000000 0.162466 0.978407 0.978407 0.978407
3836.500244 0.000000 4004.765137 0.000000 0.838241 0.000000 0.545300 0.945285 0.945285 0.945285
3828.778076 0.000000 4008.194336 0.000000 0.823525 0.000000 0.567281 0.909645 0.909645 0.909645
3835.089111 0.000000 4008.131348 0.000000 0.988288 0.000000 0.152599 0.979347 0.979347 0.979347
3828.871338 0.000000 4009.527832 0.000000 0.857637 0.000000 0.514255 0.919091 0.919091 0.919091
3838.877930 0.000000 4017.344238 0.000000 0.809158 0.000000 0.587591 0.916894 0.916894 0.916894
3838.129150 0.000000 4022.079346 0.000000 0.833985 0.000000 0.551787 0.921201 0.921201 0.921201
3836.184814 0.000000 4012.339844 0.000000 0.844565 0.000000 0.535453 0.922414 0.922414 0.922414
3833.899902 0.000000 4013.643555 0.000000 0.883941 0.000000 0.467599 0.921041 0.921041 0.921041
3829.754883 0.000000 4005.236084 0.000000 0.877665 0.000000 0.479274 0.923882 0.923882 0.923882
3832.822754 0.000000 4015.861084 0.000000 0.926344 0.000000 0.376679 0.939256 0.939256 0.939256
3834.935059 0.000000 4018.923828 0.000000 0.888179 0.000000 0.459497 0.916565 0.916565 0.916565
3835.919922 0.000000 4021.996338 0.000000 0.880933 0.000000 0.473240 0.911389 0.911389 0.911389
3835.435547 0.000000 4019.930908 0.000000 0.916639 0.000000 0.399715 0.928138 0.928138 0.928138
3853.184814 0.000000 3936.646729 0.000000 0.735742 0.000000 0.677262 0.923842 0.923842 0.923842
3841.261719 0.000000 3941.352539 0.000000 0.958813 0.000000 0.284038 0.969082 0.969082 0.969082
3845.814209 0.000000 3939.909424 0.000000 0.995782 0.000000 0.091746 0.989908 0.989908 0.989908
3846.950928 0.000000 3933.714111 0.000000 0.970835 0.000000 0.239748 0.975218 0.975218 0.975218
3852.257568 0.000000 3940.930664 0.000000 0.945770 0.000000 0.324838 0.962006 0.962006 0.962006
3855.969238 0.000000 4009.938477 0.000000 0.783288 0.000000 0.621659 0.969853 0.969853 0.969853
3871.467041 0.000000 3986.293945 0.000000 0.903705 0.000000 0.428156 0.965757 0.965757 0.965757
3845.864746 0.000000 4006.884277 0.000000 0.743339 0.000000 0.668915 0.930485 0.930485 0.930485
3847.854736 0.000000 4023.767822 0.000000 0.969298 0.000000 0.245891 0.974570 0.974570 0.974570
3865.695312 0.000000 3993.076172 0.000000 0.978675 0.000000 0.205416 0.978823 0.978823 0.978823
3870.664551 0.000000 3990.290283 0.000000 0.897952 0.000000 0.440092 0.951080 0.951080 0.951080
3848.345947 0.000000 4002.733643 0.000000 0.925557 0.000000 0.378609 0.945714 0.945714 0.945714
3851.240234 0.000000 4003.351318 0.000000 0.938841 0.000000 0.344350 0.957873 0.957873 0.957873
3844.751465 0.000000 4021.969727 0.000000 0.955901 0.000000 0.293691 0.956093 0.956093 0.956093
3866.943604 0.000000 3992.568359 0.000000 0.866346 0.000000 0.499444 0.929498 0.929498 0.929498
3852.257568 0.000000 4004.915039 0.000000 0.775228 0.000000 0.631681 0.909532 0.909532 0.909532
3862.222656 0.000000 4001.950684 0.000000 0.885527 0.000000 0.464589 0.916768 0.916768 0.916768
3856.460938 0.000000 4000.045654 0.000000 0.975487 0.000000 0.220057 0.965103 0.965103 0.965103
3852.212646 0.000000 3999.238770 0.000000 0.874395 0.000000 0.485214 0.935497 0.935497 0.935497
3869.127197 0.000000 3992.235596 0.000000 0.786836 0.000000 0.617163 0.892065 0.892065 0.892065
3857.990234 0.000000 4001.965332 0.000000 0.933509 0.000000 0.358555 0.942321 0.942321 0.942321
3848.999756 0.000000 4001.526611 0.000000 0.952501 0.000000 0.304535 0.959827 0.959827 0.959827
3850.390625 0.000000 4011.986572 0.000000 0.991632 0.000000 0.129098 0.978669 0.978669 0.978669
3849.077881 0.000000 4007.533691 0.000000 0.911007 0.000000 0.412392 0.940571 0.940571 0.940571
3863.528564 0.000000 3998.174805 0.000000 0.797097 0.000000 0.603852 0.878607 0.878607 0.878607
3857.093750 0.000000 4002.226807 0.000000 0.849096 0.000000 0.528239 0.848556 0.848556 0.848556
4157.377441 0.000000 3500.628906 0.000000 0.975010 0.000000 0.222163 0.983221 0.983221 0.983221
4150.448242 0.000000 3505.797607 0.000000 0.888712 0.000000 0.458465 0.954817 0.954817 0.954817
4141.838379 0.000000 3503.119385 0.000000 0.841247 0.000000 0.540650 0.944384 0.944384 0.944384
4156.062012 0.000000 3506.935303 0.000000 0.965207 0.000000 0.261487 0.967636 0.967636 0.967636
4145.094238 0.000000 3502.519531 0.000000 0.978126 0.000000 0.208012 0.965996 0.965996 0.965996
4136.804688 0.000000 3500.147949 0.000000 0.813628 0.000000 0.581386 0.911711 0.911711 0.911711
4154.755371 0.000000 3502.649658 0.000000 0.742578 0.000000 0.669760 0.906559 0.906559 0.906559
4134.128906 0.000000 3498.005127 0.000000 0.860641 0.000000 0.509212 0.935976 0.935976 0.935976
4135.862793 0.000000 3495.856445 0.000000 0.743693 0.000000 0.668521 0.893975 0.893975 0.893975
4142.208984 0.000000 3501.847168 0.000000 0.877052 0.000000 0.480396 0.912427 0.912427 0.912427
4140.165039 0.000000 3498.330566 0.000000 0.877965 0.000000 0.478725 0.917745 0.917745 0.917745
4139.903320 0.000000 3494.389160 0.000000 0.821601 0.000000 0.570063 0.872794 0.872794 0.872794
4175.865234 0.000000 3517.297607 0.000000 0.748136 0.000000 0.663545 0.990943 0.990943 0.990943
4162.813477 0.000000 3509.344482 0.000000 0.989278 0.000000 0.146042 0.984266 0.984266 0.984266
4166.571289 0.000000 3509.425049 0.000000 0.759740 0.000000 0.650226 0.913404 0.913404 0.913404
4213.012207 0.000000 3518.787598 0.000000 0.959175 0.000000 0.282815 0.975662 0.975662 0.975662
4161.229004 0.000000 3505.493896 0.000000 0.873922 0.000000 0.486065 0.939174 0.939174 0.939174
4169.161621 0.000000 3511.407471 0.000000 0.922731 0.000000 0.385444 0.950607 0.950607 0.950607
4211.552734 0.000000 3518.565186 0.000000 0.756559 0.000000 0.653926 0.902131 0.902131 0.902131
4179.871582 0.000000 3513.071777 0.000000 0.749122 0.000000 0.662432 0.898772 0.898772 0.898772
4174.026367 0.000000 3511.903809 0.000000 0.919284 0.000000 0.393594 0.931324 0.931324 0.931324
4175.649902 0.000000 3513.514160 0.000000 0.986180 0.000000 0.165676 0.972159 0.972159 0.972159
4175.753418 0.000000 3512.357666 0.000000 0.941379 0.000000 0.337352 0.942442 0.942442 0.942442
4175.961914 0.000000 3509.848633 0.000000 0.839980 0.000000 0.542618 0.908359 0.908359 0.908359
4157.522949 0.000000 3553.455322 0.000000 0.867771 0.000000 0.496964 0.932481 0.932481 0.932481
4174.857422 0.000000 3557.822021 0.000000 0.996045 0.000000 0.088856 0.988449 0.988449 0.988449
4212.105957 0.000000 3528.142090 0.000000 0.982296 0.000000 0.187336 0.975065 0.975065 0.975065
4176.351562 0.000000 3560.503418 0.000000 0.995907 0.000000 0.090389 0.986894 0.986894 0.986894
4166.912109 0.000000 3549.807861 0.000000 0.977658 0.000000 0.210202 0.970392 0.970392 0.970392
4207.841309 0.000000 3519.170898 0.000000 0.995152 0.000000 0.098353 0.989671 0.989671 0.989671
4210.978516 0.000000 3526.536865 0.000000 0.883667 0.000000 0.468116 0.942838 0.942838 0.942838
4179.509766 0.000000 3560.700439 0.000000 0.995866 0.000000 0.090834 0.986148 0.986148 0.986148
4212.035645 0.000000 3525.124023 0.000000 0.794508 0.000000 0.607253 0.907133 0.907133 0.907133
4298.920410 0.000000 3518.176758 0.000000 0.781764 0.000000 0.623574 0.910910 0.910910 0.910910
4306.915039 0.000000 3506.961426 0.000000 0.971785 0.000000 0.235867 0.975033 0.975033 0.975033
4306.084473 0.000000 3511.480469 0.000000 0.992126 0.000000 0.125240 0.978683 0.978683 0.978683
4303.946289 0.000000 3509.848633 0.000000 0.807863 0.000000 0.589371 0.891427 0.891427 0.891427
4308.979492 0.000000 3545.404785 0.000000 0.787116 0.000000 0.616805 0.990044 0.990044 0.990044
4306.426270 0.000000 3548.983398 0.000000 0.935953 0.000000 0.352126 0.994610 0.994610 0.994610
4315.786621 0.000000 3553.856689 0.000000 0.972365 0.000000 0.233467 0.986469 0.986469 0.986469
4304.404785 0.000000 3543.936035 0.000000 0.940095 0.000000 0.340913 0.956574 0.956574 0.956574
4326.783691 0.000000 3543.125000 0.000000 0.991045 0.000000 0.133527 0.987963 0.987963 0.987963
4299.042969 0.000000 3545.749512 0.000000 0.994345 0.000000 0.106199 0.989375 0.989375 0.989375
4298.746582 0.000000 3523.404541 0.000000 0.834716 0.000000 0.550681 0.935939 0.935939 0.935939
4305.853516 0.000000 3540.209229 0.000000 0.995306 0.000000 0.096779 0.987900 0.987900 0.987900
4300.392090 0.000000 3520.705078 0.000000 0.980359 0.000000 0.197224 0.971254 0.971254 0.971254
4303.844727 0.000000 3550.793945 0.000000 0.862348 0.000000 0.506315 0.921799 0.921799 0.921799
4327.406250 0.000000 3582.504150 0.000000 0.847575 0.000000 0.530676 0.910620 0.910620 0.910620
4303.277344 0.000000 3547.100098 0.000000 0.756791 0.000000 0.653657 0.884394 0.884394 0.884394
4306.868164 0.000000 3533.540771 0.000000 0.990654 0.000000 0.136397 0.983945 0.983945 0.983945
4305.425781 0.000000 3543.082275 0.000000 0.974848 0.000000 0.222872 0.971944 0.971944 0.971944
4325.730957 0.000000 3582.746094 0.000000 0.976397 0.000000 0.215985 0.951629 0.951629 0.951629
4306.270020 0.000000 3522.272217 0.000000 0.993706 0.000000 0.112024 0.975337 0.975337 0.975337
4306.941406 0.000000 3523.252930 0.000000 0.926845 0.000000 0.375443 0.915444 0.915444 0.915444
4304.401367 0.000000 3527.219238 0.000000 0.985341 0.000000 0.170595 0.952065 0.952065 0.952065
4306.420410 0.000000 3524.123047 0.000000 0.948403 0.000000 0.317068 0.921063 0.921063 0.921063
4305.233887 0.000000 3525.161621 0.000000 0.767738 0.000000 0.640764 0.727396 0.727396 0.727396
4302.768555 0.000000 3526.206055 0.000000 0.933170 0.000000 0.359435 0.867824 0.867824 0.867824
4305.437012 0.000000 3522.541748 0.000000 0.937291 0.000000 0.348549 0.883564 0.883564 0.883564
4304.114258 0.000000 3523.799072 0.000000 0.981878 0.000000 0.189516 0.937642 0.937642 0.937642
4410.333008 0.000000 3539.484863 0.000000 0.777500 0.000000 0.628883 0.977927 0.977927 0.977927
4410.361816 0.000000 3549.499756 0.000000 0.805666 0.000000 0.592371 0.922442 0.922442 0.922442
4409.371582 0.000000 3557.787842 0.000000 0.980216 0.000000 0.197933 0.970154 0.970154 0.970154
4406.952637 0.000000 3555.843506 0.000000 0.742355 0.000000 0.670007 0.913849 0.913849 0.913849
4412.046875 0.000000 3549.111572 0.000000 0.841391 0.000000 0.540427 0.928730 0.928730 0.928730
4402.374512 0.000000 3557.007568 0.000000 0.991133 0.000000 0.132877 0.979039 0.979039 0.979039
4409.979004 0.000000 3553.058350 0.000000 0.902715 0.000000 0.430238 0.936710 0.936710 0.936710
4418.915039 0.000000 3557.271484 0.000000 0.994053 0.000000 0.108896 0.986925 0.986925 0.986925
4417.502441 0.000000 3552.507080 0.000000 0.972952 0.000000 0.231008 0.967991 0.967991 0.967991
4420.682129 0.000000 3556.116455 0.000000 0.767046 0.000000 0.641592 0.841749 0.841749 0.841749
4156.391602 0.000000 3631.448730 0.000000 0.994850 0.000000 0.101361 0.996705 0.996705 0.996705
4157.985840 0.000000 3621.146240 0.000000 0.953560 0.000000 0.301203 0.976321 0.976321 0.976321
4157.756836 0.000000 3605.601318 0.000000 0.942736 0.000000 0.333540 0.970286 0.970286 0.970286
4158.218750 0.000000 3619.968994 0.000000 0.864177 0.000000 0.503188 0.919700 0.919700 0.919700
4193.925781 0.000000 3635.119873 0.000000 0.874078 0.000000 0.485785 0.993668 0.993668 0.993668
4194.400391 0.000000 3638.821777 0.000000 0.944190 0.000000 0.329401 0.989944 0.989944 0.989944
4167.494629 0.000000 3609.246826 0.000000 0.891680 0.000000 0.452666 0.984754 0.984754 0.984754
4163.566406 0.000000 3602.769043 0.000000 0.935909 0.000000 0.352243 0.962256 0.962256 0.962256
4188.051270 0.000000 3633.629150 0.000000 0.777112 0.000000 0.629362 0.949016 0.949016 0.949016
4184.065430 0.000000 3641.428467 0.000000 0.987185 0.000000 0.159577 0.984796 0.984796 0.984796
4198.805664 0.000000 3637.306152 0.000000 0.936570 0.000000 0.350482 0.971393 0.971393 0.971393
4166.471680 0.000000 3632.636475 0.000000 0.905333 0.000000 0.424703 0.943056 0.943056 0.943056
4162.773438 0.000000 3614.877930 0.000000 0.899597 0.000000 0.436720 0.893938 0.893938 0.893938
4162.286621 0.000000 3607.409912 0.000000 0.969588 0.000000 0.244744 0.948148 0.948148 0.948148
4161.096191 0.000000 3615.616699 0.000000 0.894527 0.000000 0.447014 0.857694 0.857694 0.857694
4188.997070 0.000000 3648.833008 0.000000 0.832451 0.000000 0.554098 0.994135 0.994135 0.994135
4176.824219 0.000000 3657.398926 0.000000 0.960296 0.000000 0.278982 0.990118 0.990118 0.990118
4190.309082 0.000000 3647.181885 0.000000 0.916532 0.000000 0.399960 0.979455 0.979455 0.979455
4180.142578 0.000000 3648.964111 0.000000 0.834999 0.000000 0.550251 0.925813 0.925813 0.925813
4187.410645 0.000000 3656.174316 0.000000 0.989514 0.000000 0.144436 0.978289 0.978289 0.978289
4181.161621 0.000000 3650.090088 0.000000 0.865524 0.000000 0.500867 0.914870 0.914870 0.914870
4184.893066 0.000000 3655.878906 0.000000 0.817000 0.000000 0.576637 0.921746 0.921746 0.921746
4187.137207 0.000000 3657.607178 0.000000 0.814270 0.000000 0.580486 0.907229 0.907229 0.907229
4325.470703 0.000000 3594.261963 0.000000 0.783341 0.000000 0.621593 0.968182 0.968182 0.968182
4321.860352 0.000000 3585.147461 0.000000 0.988791 0.000000 0.149305 0.988401 0.988401 0.988401
4333.928223 0.000000 3596.220215 0.000000 0.846482 0.000000 0.532418 0.931317 0.931317 0.931317
4332.798828 0.000000 3597.375488 0.000000 0.848449 0.000000 0.529276 0.931770 0.931770 0.931770
4331.078613 0.000000 3592.527588 0.000000 0.946679 0.000000 0.322178 0.954139 0.954139 0.954139
4331.651367 0.000000 3594.250977 0.000000 0.842691 0.000000 0.538398 0.924773 0.924773 0.924773
4333.764160 0.000000 3591.884766 0.000000 0.914105 0.000000 0.405478 0.951011 0.951011 0.951011
4326.749023 0.000000 3593.627441 0.000000 0.829359 0.000000 0.558716 0.894917 0.894917 0.894917
4331.053711 0.000000 3584.507324 0.000000 0.958598 0.000000 0.284762 0.946653 0.946653 0.946653
4330.110840 0.000000 3585.814453 0.000000 0.882930 0.000000 0.469504 0.909710 0.909710 0.909710
4325.478027 0.000000 3592.991211 0.000000 0.874689 0.000000 0.484684 0.900203 0.900203 0.900203
4326.078125 0.000000 3584.381348 0.000000 0.818788 0.000000 0.574096 0.882449 0.882449 0.882449
4327.600586 0.000000 3591.956787 0.000000 0.944942 0.000000 0.327239 0.920932 0.920932 0.920932
4326.405762 0.000000 3590.768799 0.000000 0.921632 0.000000 0.388064 0.905480 0.905480 0.905480
4330.704102 0.000000 3586.842041 0.000000 0.968272 0.000000 0.249899 0.947032 0.947032 0.947032
4329.226562 0.000000 3590.985596 0.000000 0.804216 0.000000 0.594337 0.891954 0.891954 0.891954
4331.480957 0.000000 3590.636719 0.000000 0.973688 0.000000 0.227887 0.960970 0.960970 0.960970
4325.884277 0.000000 3583.400391 0.000000 0.798363 0.000000 0.602177 0.856413 0.856413 0.856413
4339.689941 0.000000 3668.838623 0.000000 0.991017 0.000000 0.133736 0.996651 0.996651 0.996651
4313.972656 0.000000 3705.212402 0.000000 0.770373 0.000000 0.637594 0.946493 0.946493 0.946493
4340.452148 0.000000 3670.446777 0.000000 0.963287 0.000000 0.268475 0.974892 0.974892 0.974892
4294.657227 0.000000 3710.953613 0.000000 0.991107 0.000000 0.133066 0.984340 0.984340 0.984340
4315.146484 0.000000 3692.676025 0.000000 0.783835 0.000000 0.620970 0.921386 0.921386 0.921386
4326.244629 0.000000 3693.546631 0.000000 0.983186 0.000000 0.182608 0.978911 0.978911 0.978911
4311.828613 0.000000 3698.968506 0.000000 0.937675 0.000000 0.347515 0.956582 0.956582 0.956582
4310.354492 0.000000 3693.027100 0.000000 0.857135 0.000000 0.515093 0.921647 0.921647 0.921647
4317.050293 0.000000 3685.239990 0.000000 0.996275 0.000000 0.086237 0.989437 0.989437 0.989437
4293.630859 0.000000 3699.247314 0.000000 0.914914 0.000000 0.403648 0.935686 0.935686 0.935686
4311.788574 0.000000 3703.377197 0.000000 0.813781 0.000000 0.581172 0.914845 0.914845 0.914845
4310.982910 0.000000 3696.104736 0.000000 0.773214 0.000000 0.634145 0.909111 0.909111 0.909111
4290.166992 0.000000 3703.906250 0.000000 0.975615 0.000000 0.219490 0.972377 0.972377 0.972377
4327.485840 0.000000 3690.245117 0.000000 0.857073 0.000000 0.515194 0.936493 0.936493 0.936493
4340.735840 0.000000 3664.001953 0.000000 0.980182 0.000000 0.198101 0.961167 0.961167 0.961167
4313.442383 0.000000 3689.911865 0.000000 0.853742 0.000000 0.520696 0.935738 0.935738 0.935738
4295.392578 0.000000 3702.487793 0.000000 0.978960 0.000000 0.204051 0.974862 0.974862 0.974862
4299.516113 0.000000 3703.330078 0.000000 0.813996 0.000000 0.580870 0.928822 0.928822 0.928822
4323.276855 0.000000 3699.483887 0.000000 0.937150 0.000000 0.348928 0.959957 0.959957 0.959957
4311.014160 0.000000 3691.345947 0.000000 0.852082 0.000000 0.523409 0.921613 0.921613 0.921613
4324.220215 0.000000 3688.146240 0.000000 0.972871 0.000000 0.231348 0.970275 0.970275 0.970275
4310.168457 0.000000 3682.028809 0.000000 0.841410 0.000000 0.540397 0.930160 0.930160 0.930160
4348.136719 0.000000 3662.896240 0.000000 0.874661 0.000000 0.484734 0.927986 0.927986 0.927986
4348.423828 0.000000 3669.130127 0.000000 0.855949 0.000000 0.517060 0.888754 0.888754 0.888754
4321.083008 0.000000 3690.969238 0.000000 0.876786 0.000000 0.480881 0.924855 0.924855 0.924855
4343.540527 0.000000 3666.710449 0.000000 0.799315 0.000000 0.600913 0.884125 0.884125 0.884125
4350.309570 0.000000 3663.166260 0.000000 0.991522 0.000000 0.129940 0.969420 0.969420 0.969420
4351.156250 0.000000 3665.106689 0.000000 0.976778 0.000000 0.214252 0.951484 0.951484 0.951484
4347.880371 0.000000 3654.242676 0.000000 0.801440 0.000000 0.598076 0.809537 0.809537 0.809537
4405.862793 0.000000 3643.733154 0.000000 0.973830 0.000000 0.227277 0.961076 0.961076 0.961076
4400.740723 0.000000 3642.222412 0.000000 0.879942 0.000000 0.475081 0.919665 0.919665 0.919665
4392.752441 0.000000 3646.019043 0.000000 0.937861 0.000000 0.347012 0.914181 0.914181 0.914181
4404.583984 0.000000 3642.114258 0.000000 0.996388 0.000000 0.084914 0.985567 0.985567 0.985567
4402.325195 0.000000 3645.884277 0.000000 0.975220 0.000000 0.221236 0.940408 0.940408 0.940408
4429.489258 0.000000 3626.506348 0.000000 0.956903 0.000000 0.290406 0.988966 0.988966 0.988966
4424.705078 0.000000 3630.927734 0.000000 0.900620 0.000000 0.434607 0.964082 0.964082 0.964082
4440.677734 0.000000 3624.405762 0.000000 0.861077 0.000000 0.508474 0.954723 0.954723 0.954723
4445.034668 0.000000 3621.255615 0.000000 0.842131 0.000000 0.539273 0.923214 0.923214 0.923214
4431.327148 0.000000 3629.774170 0.000000 0.778238 0.000000 0.627970 0.881349 0.881349 0.881349
4442.185059 0.000000 3623.551270 0.000000 0.747198 0.000000 0.664601 0.921960 0.921960 0.921960
4450.780762 0.000000 3619.015869 0.000000 0.989337 0.000000 0.145645 0.978106 0.978106 0.978106
4429.050781 0.000000 3628.993896 0.000000 0.933699 0.000000 0.358058 0.914065 0.914065 0.914065
4453.818359 0.000000 3617.047363 0.000000 0.876150 0.000000 0.482039 0.930936 0.930936 0.930936
4402.688477 0.000000 3650.558594 0.000000 0.927388 0.000000 0.374101 0.992342 0.992342 0.992342
4386.667480 0.000000 3654.995605 0.000000 0.741659 0.000000 0.670777 0.970630 0.970630 0.970630
4373.797363 0.000000 3655.033203 0.000000 0.953902 0.000000 0.300117 0.987063 0.987063 0.987063
4354.241699 0.000000 3665.247070 0.000000 0.899670 0.000000 0.436570 0.978570 0.978570 0.978570
4361.217773 0.000000 3662.198486 0.000000 0.788094 0.000000 0.615554 0.956959 0.956959 0.956959
4365.328125 0.000000 3660.141113 0.000000 0.995849 0.000000 0.091025 0.993401 0.993401 0.993401
4364.384277 0.000000 3648.673828 0.000000 0.942050 0.000000 0.335472 0.956442 0.956442 0.956442
4375.144531 0.000000 3651.000732 0.000000 0.842861 0.000000 0.538132 0.924815 0.924815 0.924815
4365.157715 0.000000 3655.546631 0.000000 0.989090 0.000000 0.147313 0.976007 0.976007 0.976007
4397.037598 0.000000 3647.261963 0.000000 0.781198 0.000000 0.624283 0.836729 0.836729 0.836729
4359.737793 0.000000 3659.605469 0.000000 0.751625 0.000000 0.659591 0.865135 0.865135 0.865135
4394.699707 0.000000 3647.117676 0.000000 0.990829 0.000000 0.135123 0.967178 0.967178 0.967178
4392.007324 0.000000 3649.491211 0.000000 0.911406 0.000000 0.411508 0.879296 0.879296 0.879296
4443.965820 0.000000 3710.082764 0.000000 0.991741 0.000000 0.128257 0.999037 0.999037 0.999037
4417.387207 0.000000 3654.479980 0.000000 0.894721 0.000000 0.446625 0.967635 0.967635 0.967635
4463.664551 0.000000 3710.947266 0.000000 0.886066 0.000000 0.463559 0.951866 0.951866 0.951866
4415.916016 0.000000 3657.933594 0.000000 0.946851 0.000000 0.321671 0.972201 0.972201 0.972201
4442.534180 0.000000 3694.935059 0.000000 0.923654 0.000000 0.383226 0.943052 0.943052 0.943052
4461.796387 0.000000 3705.963379 0.000000 0.976482 0.000000 0.215600 0.972332 0.972332 0.972332
4465.250000 0.000000 3700.098145 0.000000 0.888093 0.000000 0.459664 0.943958 0.943958 0.943958
4452.825195 0.000000 3706.888916 0.000000 0.938544 0.000000 0.345160 0.954250 0.954250 0.954250
4458.671875 0.000000 3702.990479 0.000000 0.921386 0.000000 0.388649 0.949177 0.949177 0.949177
4460.050293 0.000000 3706.841797 0.000000 0.995642 0.000000 0.093260 0.986943 0.986943 0.986943
4452.162109 0.000000 3705.128906 0.000000 0.737446 0.000000 0.675406 0.898182 0.898182 0.898182
4447.138184 0.000000 3706.165527 0.000000 0.953368 0.000000 0.301811 0.943359 0.943359 0.943359
4477.701660 0.000000 3708.769287 0.000000 0.903424 0.000000 0.428748 0.908182 0.908182 0.908182
4454.609863 0.000000 3704.124023 0.000000 0.987699 0.000000 0.156369 0.972953 0.972953 0.972953
4464.367676 0.000000 3705.047363 0.000000 0.764042 0.000000 0.645166 0.900211 0.900211 0.900211
4471.911621 0.000000 3704.002686 0.000000 0.754572 0.000000 0.656218 0.885631 0.885631 0.885631
4466.515137 0.000000 3712.906250 0.000000 0.880860 0.000000 0.473376 0.939676 0.939676 0.939676
4468.176270 0.000000 3726.021973 0.000000 0.763853 0.000000 0.645390 0.908927 0.908927 0.908927
4475.939453 0.000000 3721.383301 0.000000 0.914905 0.000000 0.403670 0.933608 0.933608 0.933608
4466.177734 0.000000 3728.375244 0.000000 0.866221 0.000000 0.499660 0.913790 0.913790 0.913790
4472.539062 0.000000 3712.633301 0.000000 0.885257 0.000000 0.465102 0.925122 0.925122 0.925122
4469.310547 0.000000 3735.433838 0.000000 0.993264 0.000000 0.115872 0.984924 0.984924 0.984924
4466.606445 0.000000 3733.504395 0.000000 0.830019 0.000000 0.557735 0.881833 0.881833 0.881833
4475.054688 0.000000 3718.754883 0.000000 0.937405 0.000000 0.348242 0.940503 0.940503 0.940503
4445.703125 0.000000 3723.717773 0.000000 0.936372 0.000000 0.351011 0.948068 0.948068 0.948068
4466.590820 0.000000 3732.451172 0.000000 0.884912 0.000000 0.465758 0.903236 0.903236 0.903236
4476.625488 0.000000 3712.737061 0.000000 0.828866 0.000000 0.559447 0.773216 0.773216 0.773216
4476.603027 0.000000 3714.071533 0.000000 0.959026 0.000000 0.283320 0.890277 0.890277 0.890277
4479.349609 0.000000 3715.058594 0.000000 0.782880 0.000000 0.622173 0.745177 0.745177 0.745177
4397.112305 0.000000 3827.533447 0.000000 0.876925 0.000000 0.480627 0.998748 0.998748 0.998748
4399.163086 0.000000 3828.309326 0.000000 0.782250 0.000000 0.622965 0.954667 0.954667 0.954667
4407.065430 0.000000 3831.108887 0.000000 0.933073 0.000000 0.359688 0.956828 0.956828 0.956828
4411.116699 0.000000 3832.282227 0.000000 0.752598 0.000000 0.658480 0.912069 0.912069 0.912069
4413.098145 0.000000 3834.408936 0.000000 0.988129 0.000000 0.153623 0.979977 0.979977 0.979977
4401.257812 0.000000 3828.066895 0.000000 0.968525 0.000000 0.248917 0.969854 0.969854 0.969854
4408.634277 0.000000 3828.647217 0.000000 0.753126 0.000000 0.657876 0.899619 0.899619 0.899619
4405.191895 0.000000 3826.145996 0.000000 0.765683 0.000000 0.643218 0.855221 0.855221 0.855221
4406.856934 0.000000 3836.579834 0.000000 0.874196 0.000000 0.485574 0.931647 0.931647 0.931647
4413.521973 0.000000 3838.512939 0.000000 0.880448 0.000000 0.474142 0.923537 0.923537 0.923537
4408.829590 0.000000 3834.983887 0.000000 0.908147 0.000000 0.418652 0.930982 0.930982 0.930982
4423.452637 0.000000 3786.524170 0.000000 0.873548 0.000000 0.486738 0.958119 0.958119 0.958119
4422.687012 0.000000 3834.388428 0.000000 0.770914 0.000000 0.636939 0.917252 0.917252 0.917252
4428.629395 0.000000 3794.200928 0.000000 0.834617 0.000000 0.550831 0.951939 0.951939 0.951939
4415.777344 0.000000 3829.998535 0.000000 0.964270 0.000000 0.264922 0.975233 0.975233 0.975233
4425.804688 0.000000 3798.705078 0.000000 0.956543 0.000000 0.291591 0.957155 0.957155 0.957155
4422.279785 0.000000 3832.570801 0.000000 0.884277 0.000000 0.466964 0.936926 0.936926 0.936926
4415.560059 0.000000 3837.928223 0.000000 0.991310 0.000000 0.131547 0.981555 0.981555 0.981555
4427.589844 0.000000 3796.108643 0.000000 0.957494 0.000000 0.288452 0.956169 0.956169 0.956169
4416.109863 0.000000 3834.786377 0.000000 0.952459 0.000000 0.304668 0.962128 0.962128 0.962128
4423.376953 0.000000 3830.456543 0.000000 0.860366 0.000000 0.509676 0.919890 0.919890 0.919890
4427.147461 0.000000 3798.830078 0.000000 0.821308 0.000000 0.570485 0.902999 0.902999 0.902999
4430.598145 0.000000 3806.248535 0.000000 0.914357 0.000000 0.404909 0.935473 0.935473 0.935473
4428.142578 0.000000 3807.285645 0.000000 0.982430 0.000000 0.186630 0.965786 0.965786 0.965786
4426.218750 0.000000 3807.368408 0.000000 0.980624 0.000000 0.195899 0.970465 0.970465 0.970465
4431.622070 0.000000 3809.165527 0.000000 0.768442 0.000000 0.639920 0.899452 0.899452 0.899452
4424.656250 0.000000 3786.426025 0.000000 0.976138 0.000000 0.217152 0.956281 0.956281 0.956281
4421.981445 0.000000 3835.434082 0.000000 0.758110 0.000000 0.652127 0.891816 0.891816 0.891816
4428.071289 0.000000 3809.050781 0.000000 0.967344 0.000000 0.253468 0.952017 0.952017 0.952017
4510.387207 0.000000 3739.353027 0.000000 0.847820 0.000000 0.530284 0.997209 0.997209 0.997209
4491.556641 0.000000 3716.699951 0.000000 0.816076 0.000000 0.577944 0.989231 0.989231 0.989231
4504.979492 0.000000 3750.574951 0.000000 0.736765 0.000000 0.676149 0.964779 0.964779 0.964779
4497.643066 0.000000 3747.295410 0.000000 0.811291 0.000000 0.584643 0.965703 0.965703 0.965703
4493.471191 0.000000 3718.306396 0.000000 0.996070 0.000000 0.088565 0.993801 0.993801 0.993801
4501.143066 0.000000 3732.601562 0.000000 0.918064 0.000000 0.396432 0.949117 0.949117 0.949117
4506.151855 0.000000 3749.162598 0.000000 0.895813 0.000000 0.444432 0.945961 0.945961 0.945961
4486.754395 0.000000 3724.181152 0.000000 0.834875 0.000000 0.550439 0.931605 0.931605 0.931605
4491.724121 0.000000 3728.194580 0.000000 0.928418 0.000000 0.371538 0.955334 0.955334 0.955334
4485.180664 0.000000 3711.639893 0.000000 0.923986 0.000000 0.382426 0.965711 0.965711 0.965711
4503.384277 0.000000 3741.121094 0.000000 0.881529 0.000000 0.472129 0.937394 0.937394 0.937394
4499.983887 0.000000 3736.087891 0.000000 0.930678 0.000000 0.365841 0.955118 0.955118 0.955118
4491.019531 0.000000 3737.702637 0.000000 0.747870 0.000000 0.663845 0.916631 0.916631 0.916631
4492.132812 0.000000 3725.185791 0.000000 0.902882 0.000000 0.429890 0.956734 0.956734 0.956734
4505.518555 0.000000 3743.687988 0.000000 0.996253 0.000000 0.086487 0.987893 0.987893 0.987893
4492.316895 0.000000 3736.638184 0.000000 0.989200 0.000000 0.146572 0.983107 0.983107 0.983107
4496.923340 0.000000 3741.429688 0.000000 0.782803 0.000000 0.622270 0.879272 0.879272 0.879272
4506.635254 0.000000 3744.802002 0.000000 0.776470 0.000000 0.630154 0.918303 0.918303 0.918303
4509.026855 0.000000 3749.224365 0.000000 0.928193 0.000000 0.372098 0.955263 0.955263 0.955263
4506.705566 0.000000 3741.848389 0.000000 0.964757 0.000000 0.263143 0.964767 0.964767 0.964767
4500.326172 0.000000 3748.342285 0.000000 0.816089 0.000000 0.577927 0.883086 0.883086 0.883086
4514.509766 0.000000 3751.361084 0.000000 0.739896 0.000000 0.672721 0.913419 0.913419 0.913419
4496.441895 0.000000 3732.741699 0.000000 0.937811 0.000000 0.347146 0.956630 0.956630 0.956630
4516.010254 0.000000 3749.494629 0.000000 0.989982 0.000000 0.141192 0.983731 0.983731 0.983731
4516.196777 0.000000 3752.130615 0.000000 0.908565 0.000000 0.417744 0.938673 0.938673 0.938673
4483.457031 0.000000 3713.663574 0.000000 0.985197 0.000000 0.171429 0.977635 0.977635 0.977635
4485.312988 0.000000 3714.702393 0.000000 0.802893 0.000000 0.596123 0.917088 0.917088 0.917088
4497.402344 0.000000 3735.035400 0.000000 0.847631 0.000000 0.530586 0.921807 0.921807 0.921807
4499.664062 0.000000 3741.368896 0.000000 0.994678 0.000000 0.103028 0.984540 0.984540 0.984540
4497.677734 0.000000 3744.441162 0.000000 0.888362 0.000000 0.459143 0.930926 0.930926 0.930926
4482.220215 0.000000 3721.709717 0.000000 0.978662 0.000000 0.205476 0.966417 0.966417 0.966417
4481.960938 0.000000 3719.408203 0.000000 0.975290 0.000000 0.220928 0.945498 0.945498 0.945498
4487.410156 0.000000 3715.396973 0.000000 0.956874 0.000000 0.290502 0.947754 0.947754 0.947754
4480.638184 0.000000 3711.942383 0.000000 0.996171 0.000000 0.087421 0.976399 0.976399 0.976399
4480.312988 0.000000 3715.431152 0.000000 0.884444 0.000000 0.466646 0.818191 0.818191 0.818191
4606.784668 0.000000 3825.391113 0.000000 0.992351 0.000000 0.123446 0.971883 0.971883 0.971883
4575.946289 0.000000 3816.271973 0.000000 0.871272 0.000000 0.490801 0.882171 0.882171 0.882171
4605.680176 0.000000 3831.416992 0.000000 0.975950 0.000000 0.217993 0.959401 0.959401 0.959401
4575.303711 0.000000 3819.371094 0.000000 0.985983 0.000000 0.166846 0.959406 0.959406 0.959406
4604.414062 0.000000 3827.644775 0.000000 0.993747 0.000000 0.111658 0.958099 0.958099 0.958099
4199.025391 0.000000 3872.364014 0.000000 0.993253 0.000000 0.115966 0.992746 0.992746 0.992746
4177.915039 0.000000 3861.752441 0.000000 0.796989 0.000000 0.603994 0.928763 0.928763 0.928763
4166.793457 0.000000 3852.149902 0.000000 0.992053 0.000000 0.125818 0.991182 0.991182 0.991182
4182.917969 0.000000 3860.758789 0.000000 0.850481 0.000000 0.526005 0.932241 0.932241 0.932241
4188.708008 0.000000 3867.041504 0.000000 0.760007 0.000000 0.649915 0.916987 0.916987 0.916987
4186.261230 0.000000 3868.434814 0.000000 0.890677 0.000000 0.454636 0.944621 0.944621 0.944621
4180.022949 0.000000 3864.056641 0.000000 0.806715 0.000000 0.590940 0.930551 0.930551 0.930551
4170.150391 0.000000 3855.706787 0.000000 0.769842 0.000000 0.638235 0.923963 0.923963 0.923963
4183.839355 0.000000 3858.343750 0.000000 0.798236 0.000000 0.602345 0.945129 0.945129 0.945129
4177.436523 0.000000 3855.383301 0.000000 0.739954 0.000000 0.672657 0.911587 0.911587 0.911587
4196.049316 0.000000 3877.463379 0.000000 0.887534 0.000000 0.460743 0.940229 0.940229 0.940229
4179.713867 0.000000 3855.694092 0.000000 0.831941 0.000000 0.554864 0.917766 0.917766 0.917766
4200.404297 0.000000 3881.203613 0.000000 0.923142 0.000000 0.384460 0.938918 0.938918 0.938918
4168.235352 0.000000 3848.322021 0.000000 0.928676 0.000000 0.370893 0.942135 0.942135 0.942135
4193.161133 0.000000 3872.438232 0.000000 0.945257 0.000000 0.326326 0.935269 0.935269 0.935269
4165.003906 0.000000 3843.808105 0.000000 0.986082 0.000000 0.166259 0.974562 0.974562 0.974562
4160.916504 0.000000 3841.757324 0.000000 0.956747 0.000000 0.290922 0.949150 0.949150 0.949150
4203.933594 0.000000 3874.680420 0.000000 0.914733 0.000000 0.404058 0.929386 0.929386 0.929386
4237.253418 0.000000 3890.574707 0.000000 0.846977 0.000000 0.531630 0.945424 0.945424 0.945424
4233.725586 0.000000 3868.702393 0.000000 0.947435 0.000000 0.319948 0.964225 0.964225 0.964225
4228.205566 0.000000 3868.671387 0.000000 0.899952 0.000000 0.435990 0.961706 0.961706 0.961706
4227.982422 0.000000 3873.665527 0.000000 0.785121 0.000000 0.619342 0.879943 0.879943 0.879943
4235.101074 0.000000 3890.920410 0.000000 0.912982 0.000000 0.407999 0.944392 0.944392 0.944392
4236.210938 0.000000 3876.946289 0.000000 0.939745 0.000000 0.341877 0.923345 0.923345 0.923345
4234.310059 0.000000 3873.026123 0.000000 0.899674 0.000000 0.436561 0.905259 0.905259 0.905259
4233.878418 0.000000 3894.269531 0.000000 0.991594 0.000000 0.129390 0.965663 0.965663 0.965663
4234.027832 0.000000 3877.675781 0.000000 0.865575 0.000000 0.500779 0.895245 0.895245 0.895245
4236.970703 0.000000 3887.566162 0.000000 0.945053 0.000000 0.326917 0.916855 0.916855 0.916855
4232.986328 0.000000 3878.466064 0.000000 0.896971 0.000000 0.442090 0.857095 0.857095 0.857095
4238.322754 0.000000 3885.137939 0.000000 0.755450 0.000000 0.655206 0.844820 0.844820 0.844820
4227.156738 0.000000 3872.855469 0.000000 0.789202 0.000000 0.614133 0.881133 0.881133 0.881133
4234.877441 0.000000 3879.594727 0.000000 0.965806 0.000000 0.259264 0.924049 0.924049 0.924049
4232.517090 0.000000 3876.379150 0.000000 0.926864 0.000000 0.375397 0.888555 0.888555 0.888555
4234.602051 0.000000 3885.020264 0.000000 0.994136 0.000000 0.108141 0.975925 0.975925 0.975925
4233.937012 0.000000 3876.725342 0.000000 0.950012 0.000000 0.312212 0.908046 0.908046 0.908046
4231.096191 0.000000 3892.553223 0.000000 0.947515 0.000000 0.319712 0.876509 0.876509 0.876509
4231.877441 0.000000 3891.630859 0.000000 0.828799 0.000000 0.559547 0.817647 0.817647 0.817647
4344.619629 0.000000 3876.323975 0.000000 0.772461 0.000000 0.635062 0.965643 0.965643 0.965643
4337.657227 0.000000 3880.047119 0.000000 0.789945 0.000000 0.613178 0.932435 0.932435 0.932435
4344.150391 0.000000 3880.565186 0.000000 0.790451 0.000000 0.612525 0.924291 0.924291 0.924291
4336.365234 0.000000 3873.133301 0.000000 0.955985 0.000000 0.293414 0.969518 0.969518 0.969518
4343.073242 0.000000 3895.093262 0.000000 0.759049 0.000000 0.651034 0.936283 0.936283 0.936283
4347.124512 0.000000 3896.266602 0.000000 0.913745 0.000000 0.406289 0.943595 0.943595 0.943595
4342.285156 0.000000 3883.443359 0.000000 0.978584 0.000000 0.205849 0.975155 0.975155 0.975155
4347.103027 0.000000 3893.099365 0.000000 0.887267 0.000000 0.461255 0.941353 0.941353 0.941353
4336.996582 0.000000 3878.818359 0.000000 0.970445 0.000000 0.241321 0.965925 0.965925 0.965925
4350.815918 0.000000 3889.375488 0.000000 0.853939 0.000000 0.520374 0.894792 0.894792 0.894792
4349.387207 0.000000 3888.568115 0.000000 0.978331 0.000000 0.207047 0.962512 0.962512 0.962512
4333.476074 0.000000 3876.534424 0.000000 0.893806 0.000000 0.448455 0.917570 0.917570 0.917570
4333.255371 0.000000 3874.586426 0.000000 0.874117 0.000000 0.485715 0.898704 0.898704 0.898704
4335.933594 0.000000 3963.446777 0.000000 0.930355 0.000000 0.366659 0.965322 0.965322 0.965322
4331.792969 0.000000 3967.184082 0.000000 0.944474 0.000000 0.328588 0.989134 0.989134 0.989134
4343.523438 0.000000 3969.591797 0.000000 0.993490 0.000000 0.113922 0.990309 0.990309 0.990309
4340.884277 0.000000 3968.361328 0.000000 0.741609 0.000000 0.670833 0.900867 0.900867 0.900867
4339.884277 0.000000 3971.570557 0.000000 0.852611 0.000000 0.522545 0.921757 0.921757 0.921757
4340.020020 0.000000 3973.014648 0.000000 0.913042 0.000000 0.407865 0.938119 0.938119 0.938119
4337.562500 0.000000 3973.636475 0.000000 0.975194 0.000000 0.221352 0.972138 0.972138 0.972138
4305.884277 0.000000 4033.177490 0.000000 0.958442 0.000000 0.285289 0.986277 0.986277 0.986277
4329.677246 0.000000 4063.403076 0.000000 0.785611 0.000000 0.618721 0.965025 0.965025 0.965025
4326.783691 0.000000 4055.000000 0.000000 0.863400 0.000000 0.504520 0.931348 0.931348 0.931348
4326.536621 0.000000 4065.999268 0.000000 0.985085 0.000000 0.172066 0.984458 0.984458 0.984458
4324.672363 0.000000 4062.500000 0.000000 0.948309 0.000000 0.317347 0.955658 0.955658 0.955658
4298.749023 0.000000 4040.989258 0.000000 0.868024 0.000000 0.496522 0.922169 0.922169 0.922169
4295.657715 0.000000 4039.022949 0.000000 0.962454 0.000000 0.271445 0.971862 0.971862 0.971862
4326.348145 0.000000 4057.755127 0.000000 0.844829 0.000000 0.535037 0.930938 0.930938 0.930938
4297.849121 0.000000 4040.499268 0.000000 0.925684 0.000000 0.378299 0.919610 0.919610 0.919610
4351.785156 0.000000 3893.982910 0.000000 0.925371 0.000000 0.379062 0.947587 0.947587 0.947587
4414.587891 0.000000 3839.189453 0.000000 0.848742 0.000000 0.528807 0.930447 0.930447 0.930447
4410.546387 0.000000 3842.192139 0.000000 0.990426 0.000000 0.138045 0.980293 0.980293 0.980293
4419.958008 0.000000 3848.720947 0.000000 0.892610 0.000000 0.450829 0.959133 0.959133 0.959133
4415.916016 0.000000 3849.886719 0.000000 0.966081 0.000000 0.258239 0.960874 0.960874 0.960874
4416.272949 0.000000 3840.827881 0.000000 0.976137 0.000000 0.217156 0.969943 0.969943 0.969943
4415.520020 0.000000 3843.832275 0.000000 0.996527 0.000000 0.083270 0.987929 0.987929 0.987929
4416.077148 0.000000 3846.984863 0.000000 0.769719 0.000000 0.638383 0.915299 0.915299 0.915299
4426.348633 0.000000 3842.004395 0.000000 0.851071 0.000000 0.525051 0.907538 0.907538 0.907538
4417.092773 0.000000 3842.854980 0.000000 0.937739 0.000000 0.347342 0.955719 0.955719 0.955719
4428.067383 0.000000 3932.680664 0.000000 0.847245 0.000000 0.531202 0.993009 0.993009 0.993009
4419.535156 0.000000 3922.690918 0.000000 0.950141 0.000000 0.311820 0.975458 0.975458 0.975458
4436.699219 0.000000 3918.755615 0.000000 0.817138 0.000000 0.576443 0.957054 0.957054 0.957054
4433.883789 0.000000 3925.736816 0.000000 0.855069 0.000000 0.518515 0.941481 0.941481 0.941481
4425.702148 0.000000 3932.686768 0.000000 0.759543 0.000000 0.650458 0.915135 0.915135 0.915135
4424.755371 0.000000 3927.977295 0.000000 0.963823 0.000000 0.266544 0.968342 0.968342 0.968342
4428.629395 0.000000 3922.169678 0.000000 0.874963 0.000000 0.484189 0.930598 0.930598 0.930598
4430.953125 0.000000 3924.166748 0.000000 0.819104 0.000000 0.573645 0.920686 0.920686 0.920686
4425.145020 0.000000 3921.886719 0.000000 0.916707 0.000000 0.399559 0.950744 0.950744 0.950744
4430.041016 0.000000 3929.343750 0.000000 0.901650 0.000000 0.432466 0.936358 0.936358 0.936358
4428.140625 0.000000 3917.138916 0.000000 0.801857 0.000000 0.597515 0.918462 0.918462 0.918462
4427.291992 0.000000 3937.838623 0.000000 0.883379 0.000000 0.468660 0.952508 0.952508 0.952508
4421.025391 0.000000 3919.843018 0.000000 0.984726 0.000000 0.174112 0.973349 0.973349 0.973349
4427.452148 0.000000 3931.253418 0.000000 0.874736 0.000000 0.484599 0.943164 0.943164 0.943164
4430.672363 0.000000 3916.281494 0.000000 0.804438 0.000000 0.594036 0.917425 0.917425 0.917425
4432.141113 0.000000 3919.249756 0.000000 0.958057 0.000000 0.286578 0.960090 0.960090 0.960090
4480.821289 0.000000 3844.147461 0.000000 0.763959 0.000000 0.645265 0.963229 0.963229 0.963229
4486.549805 0.000000 3855.810059 0.000000 0.977661 0.000000 0.210188 0.975680 0.975680 0.975680
4487.420410 0.000000 3842.275391 0.000000 0.975596 0.000000 0.219573 0.980656 0.980656 0.980656
4487.954102 0.000000 3844.321045 0.000000 0.839408 0.000000 0.543502 0.935446 0.935446 0.935446
4489.748047 0.000000 3851.002930 0.000000 0.786245 0.000000 0.617915 0.916854 0.916854 0.916854
4483.807617 0.000000 3853.354248 0.000000 0.822382 0.000000 0.568936 0.916898 0.916898 0.916898
4485.388672 0.000000 3848.471680 0.000000 0.760052 0.000000 0.649862 0.902866 0.902866 0.902866
4490.340820 0.000000 3842.004395 0.000000 0.838739 0.000000 0.544534 0.902243 0.902243 0.902243
4480.624023 0.000000 3848.914795 0.000000 0.988359 0.000000 0.152138 0.977503 0.977503 0.977503
4520.027344 0.000000 3913.018799 0.000000 0.930200 0.000000 0.367052 0.975604 0.975604 0.975604
4513.732422 0.000000 3939.936768 0.000000 0.761670 0.000000 0.647965 0.945445 0.945445 0.945445
4525.144531 0.000000 3914.515869 0.000000 0.757251 0.000000 0.653124 0.896946 0.896946 0.896946
4526.518066 0.000000 3910.577393 0.000000 0.933728 0.000000 0.357984 0.933278 0.933278 0.933278
4524.857422 0.000000 3912.030273 0.000000 0.827083 0.000000 0.562079 0.850982 0.850982 0.850982
4382.970703 0.000000 3975.623291 0.000000 0.805097 0.000000 0.593144 0.973052 0.973052 0.973052
4369.359375 0.000000 3975.205322 0.000000 0.965558 0.000000 0.260189 0.984229 0.984229 0.984229
4376.815430 0.000000 3972.576660 0.000000 0.993690 0.000000 0.112166 0.992985 0.992985 0.992985
4382.217285 0.000000 3970.029785 0.000000 0.801453 0.000000 0.598058 0.924778 0.924778 0.924778
4372.119141 0.000000 3968.885986 0.000000 0.933699 0.000000 0.358060 0.956118 0.956118 0.956118
4383.091797 0.000000 3972.129883 0.000000 0.827446 0.000000 0.561545 0.933014 0.933014 0.933014
4374.412598 0.000000 3968.328369 0.000000 0.866643 0.000000 0.498928 0.940011 0.940011 0.940011
4370.331543 0.000000 3975.366211 0.000000 0.992851 0.000000 0.119360 0.974909 0.974909 0.974909
4474.354004 0.000000 4061.374756 0.000000 0.902151 0.000000 0.431421 0.940978 0.940978 0.940978
4419.968262 0.000000 4057.669922 0.000000 0.968132 0.000000 0.250440 0.969034 0.969034 0.969034
4477.131348 0.000000 4059.554199 0.000000 0.942803 0.000000 0.333351 0.944850 0.944850 0.944850
4478.670410 0.000000 4061.040283 0.000000 0.985399 0.000000 0.170260 0.970527 0.970527 0.970527
4477.902832 0.000000 4061.872070 0.000000 0.869755 0.000000 0.493484 0.871155 0.871155 0.871155
4476.767090 0.000000 4061.726318 0.000000 0.958139 0.000000 0.286303 0.927509 0.927509 0.927509
4477.866211 0.000000 4063.256592 0.000000 0.749599 0.000000 0.661893 0.808579 0.808579 0.808579
4477.922363 0.000000 4060.020264 0.000000 0.872351 0.000000 0.488881 0.872475 0.872475 0.872475
4606.035645 0.000000 4022.079346 0.000000 0.769067 0.000000 0.639169 0.845928 0.845928 0.845928
4604.185547 0.000000 4023.630371 0.000000 0.779238 0.000000 0.626728 0.849498 0.849498 0.849498
4605.389648 0.000000 4021.050537 0.000000 0.783885 0.000000 0.620906 0.824395 0.824395 0.824395
4552.058105 0.000000 3985.480469 0.000000 0.825680 0.000000 0.564139 0.899741 0.899741 0.899741
4603.342285 0.000000 4019.930908 0.000000 0.911165 0.000000 0.412042 0.895033 0.895033 0.895033
4556.401367 0.000000 3987.133301 0.000000 0.891050 0.000000 0.453906 0.808274 0.808274 0.808274
4481.494629 0.000000 4064.382080 0.000000 0.944285 0.000000 0.329130 0.958972 0.958972 0.958972
4498.541016 0.000000 4078.044922 0.000000 0.921899 0.000000 0.387431 0.945372 0.945372 0.945372
4486.197266 0.000000 4076.921875 0.000000 0.955947 0.000000 0.293541 0.902563 0.902563 0.902563
4606.564453 0.000000 4031.142578 0.000000 0.994340 0.000000 0.106247 0.987510 0.987510 0.987510
4602.889160 0.000000 4033.089844 0.000000 0.766071 0.000000 0.642756 0.850118 0.850118 0.850118
4605.717285 0.000000 4034.243652 0.000000 0.980713 0.000000 0.195455 0.952852 0.952852 0.952852
4607.439453 0.000000 3833.467041 0.000000 0.819306 0.000000 0.573356 0.943598 0.943598 0.943598
4611.066895 0.000000 3832.997803 0.000000 0.932935 0.000000 0.360045 0.972414 0.972414 0.972414
4612.658203 0.000000 3830.016602 0.000000 0.884243 0.000000 0.467027 0.936917 0.936917 0.936917
4610.127930 0.000000 3831.875000 0.000000 0.822220 0.000000 0.569169 0.898720 0.898720 0.898720
4610.532715 0.000000 3823.225098 0.000000 0.752084 0.000000 0.659067 0.838319 0.838319 0.838319
4608.076172 0.000000 3817.610840 0.000000 0.873961 0.000000 0.485995 0.911310 0.911310 0.911310
4612.887695 0.000000 3822.590820 0.000000 0.935327 0.000000 0.353784 0.905207 0.905207 0.905207
4618.863281 0.000000 3824.692871 0.000000 0.940467 0.000000 0.339885 0.939395 0.939395 0.939395
4613.100098 0.000000 3820.276367 0.000000 0.896241 0.000000 0.443568 0.885265 0.885265 0.885265
4616.791992 0.000000 3825.710693 0.000000 0.949030 0.000000 0.315185 0.916746 0.916746 0.916746
4613.682617 0.000000 3829.934570 0.000000 0.941689 0.000000 0.336485 0.920321 0.920321 0.920321
4615.437012 0.000000 3825.751953 0.000000 0.892279 0.000000 0.451485 0.877207 0.877207 0.877207
4613.780762 0.000000 3825.304688 0.000000 0.942470 0.000000 0.334291 0.911501 0.911501 0.911501
4638.555176 0.000000 3924.509033 0.000000 0.970909 0.000000 0.239449 0.984908 0.984908 0.984908
4628.621582 0.000000 3945.403076 0.000000 0.779381 0.000000 0.626550 0.967881 0.967881 0.967881
4627.505371 0.000000 3946.859375 0.000000 0.993082 0.000000 0.117423 0.986190 0.986190 0.986190
4636.245117 0.000000 3934.137939 0.000000 0.751548 0.000000 0.659678 0.915471 0.915471 0.915471
4630.518066 0.000000 3929.565674 0.000000 0.749019 0.000000 0.662548 0.887902 0.887902 0.887902
4631.784668 0.000000 3922.328125 0.000000 0.979147 0.000000 0.203153 0.974463 0.974463 0.974463
4630.875000 0.000000 3936.100098 0.000000 0.798156 0.000000 0.602451 0.919291 0.919291 0.919291
4637.265137 0.000000 3937.599609 0.000000 0.926867 0.000000 0.375390 0.957729 0.957729 0.957729
4634.619629 0.000000 3936.755127 0.000000 0.954690 0.000000 0.297601 0.949455 0.949455 0.949455
4634.181641 0.000000 3921.182861 0.000000 0.797445 0.000000 0.603391 0.890035 0.890035 0.890035
4632.991211 0.000000 3926.746582 0.000000 0.883991 0.000000 0.467505 0.917415 0.917415 0.917415
4629.088379 0.000000 3933.852539 0.000000 0.861195 0.000000 0.508274 0.937438 0.937438 0.937438
4631.397949 0.000000 3940.024414 0.000000 0.994056 0.000000 0.108873 0.986927 0.986927 0.986927
4629.323242 0.000000 3935.353027 0.000000 0.768024 0.000000 0.640422 0.913239 0.913239 0.913239
4631.717773 0.000000 3923.698730 0.000000 0.746523 0.000000 0.665360 0.909129 0.909129 0.909129
4638.277832 0.000000 3923.181396 0.000000 0.984845 0.000000 0.173434 0.975629 0.975629 0.975629
4634.850098 0.000000 3928.583984 0.000000 0.804010 0.000000 0.594616 0.895075 0.895075 0.895075
4630.129395 0.000000 3937.966309 0.000000 0.990528 0.000000 0.137314 0.982805 0.982805 0.982805
4639.252441 0.000000 3919.435303 0.000000 0.828225 0.000000 0.560396 0.906438 0.906438 0.906438
4626.030273 0.000000 3931.508545 0.000000 0.973771 0.000000 0.227528 0.964471 0.964471 0.964471
4637.679688 0.000000 3915.670898 0.000000 0.795701 0.000000 0.605689 0.904164 0.904164 0.904164
4633.063965 0.000000 3927.950439 0.000000 0.912025 0.000000 0.410136 0.928257 0.928257 0.928257
4637.605957 0.000000 3925.664307 0.000000 0.951961 0.000000 0.306219 0.944835 0.944835 0.944835
4612.846680 0.000000 4017.324463 0.000000 0.899476 0.000000 0.436971 0.989839 0.989839 0.989839
4614.256348 0.000000 4024.523926 0.000000 0.955953 0.000000 0.293521 0.953144 0.953144 0.953144
4608.418457 0.000000 4029.143311 0.000000 0.745082 0.000000 0.666973 0.826831 0.826831 0.826831
4623.698730 0.000000 4024.232666 0.000000 0.816596 0.000000 0.577210 0.838705 0.838705 0.838705
4620.989258 0.000000 4024.633789 0.000000 0.909150 0.000000 0.416470 0.889541 0.889541 0.889541
4641.881836 0.000000 4030.789551 0.000000 0.766518 0.000000 0.642223 0.824151 0.824151 0.824151
4616.791992 0.000000 4017.663818 0.000000 0.985739 0.000000 0.168280 0.968340 0.968340 0.968340
4620.359375 0.000000 4026.204834 0.000000 0.805031 0.000000 0.593233 0.835110 0.835110 0.835110
4608.996582 0.000000 4027.349609 0.000000 0.824692 0.000000 0.565582 0.843920 0.843920 0.843920
4611.738281 0.000000 4027.614014 0.000000 0.794170 0.000000 0.607695 0.789648 0.789648 0.789648
4607.607422 0.000000 4022.976318 0.000000 0.944766 0.000000 0.327746 0.925806 0.925806 0.925806
4608.503906 0.000000 4025.625000 0.000000 0.894327 0.000000 0.447414 0.876086 0.876086 0.876086
4639.353027 0.000000 4027.942139 0.000000 0.961926 0.000000 0.273309 0.934343 0.934343 0.934343
4617.358887 0.000000 4027.779053 0.000000 0.844898 0.000000 0.534927 0.888681 0.888681 0.888681
4618.365723 0.000000 4030.990479 0.000000 0.942991 0.000000 0.332819 0.923765 0.923765 0.923765
4618.366699 0.000000 4019.615479 0.000000 0.978840 0.000000 0.204627 0.950094 0.950094 0.950094
4640.068359 0.000000 4029.876953 0.000000 0.774064 0.000000 0.633107 0.823712 0.823712 0.823712
4616.208008 0.000000 4022.888428 0.000000 0.856570 0.000000 0.516031 0.878171 0.878171 0.878171
4617.970215 0.000000 4029.656006 0.000000 0.917914 0.000000 0.396780 0.904251 0.904251 0.904251
4610.742676 0.000000 4022.118164 0.000000 0.970947 0.000000 0.239294 0.927005 0.927005 0.927005
4642.843750 0.000000 4036.714844 0.000000 0.840237 0.000000 0.542220 0.947064 0.947064 0.947064
4612.802246 0.000000 4037.044434 0.000000 0.735917 0.000000 0.677072 0.938723 0.938723 0.938723
4629.494629 0.000000 4035.362549 0.000000 0.978167 0.000000 0.207822 0.971777 0.971777 0.971777
4639.938477 0.000000 4044.666748 0.000000 0.984094 0.000000 0.177650 0.977706 0.977706 0.977706
4637.953613 0.000000 4040.872559 0.000000 0.921731 0.000000 0.387829 0.941335 0.941335 0.941335
4639.060547 0.000000 4036.114258 0.000000 0.774895 0.000000 0.632090 0.899213 0.899213 0.899213
4630.381348 0.000000 4032.312744 0.000000 0.980443 0.000000 0.196803 0.975272 0.975272 0.975272
4636.766602 0.000000 4047.663330 0.000000 0.793098 0.000000 0.609094 0.926423 0.926423 0.926423
4623.067871 0.000000 4037.260254 0.000000 0.909067 0.000000 0.416650 0.951719 0.951719 0.951719
4623.223633 0.000000 4035.782471 0.000000 0.987094 0.000000 0.160142 0.973097 0.973097 0.973097
4627.075684 0.000000 4033.594482 0.000000 0.981562 0.000000 0.191144 0.959667 0.959667 0.959667
4641.517090 0.000000 4039.691162 0.000000 0.756586 0.000000 0.653894 0.855874 0.855874 0.855874
4624.792969 0.000000 4033.748779 0.000000 0.959905 0.000000 0.280326 0.927646 0.927646 0.927646
4614.460449 0.000000 4039.390869 0.000000 0.819177 0.000000 0.573541 0.859705 0.859705 0.859705
4625.426270 0.000000 4036.160889 0.000000 0.855843 0.000000 0.517236 0.890069 0.890069 0.890069
4616.050293 0.000000 4049.464844 0.000000 0.922986 0.000000 0.384833 0.882642 0.882642 0.882642
4609.200195 0.000000 4031.035645 0.000000 0.988836 0.000000 0.149007 0.967141 0.967141 0.967141
4621.722168 0.000000 4031.434326 0.000000 0.994390 0.000000 0.105779 0.975130 0.975130 0.975130
4615.394531 0.000000 4035.318848 0.000000 0.963220 0.000000 0.268714 0.911024 0.911024 0.911024
4618.607422 0.000000 4037.301025 0.000000 0.795730 0.000000 0.605651 0.800222 0.800222 0.800222
4627.062012 0.000000 4032.529785 0.000000 0.975865 0.000000 0.218375 0.953833 0.953833 0.953833
4617.275391 0.000000 4044.986572 0.000000 0.753632 0.000000 0.657297 0.871077 0.871077 0.871077
4618.725098 0.000000 4048.518066 0.000000 0.874422 0.000000 0.485166 0.826745 0.826745 0.826745
4616.747070 0.000000 4036.902100 0.000000 0.920762 0.000000 0.390125 0.871932 0.871932 0.871932
4619.663086 0.000000 4035.082031 0.000000 0.990019 0.000000 0.140935 0.958343 0.958343 0.958343
4616.846191 0.000000 4035.934814 0.000000 0.955363 0.000000 0.295434 0.904910 0.904910 0.904910
4615.733398 0.000000 4033.339844 0.000000 0.752379 0.000000 0.658731 0.763015 0.763015 0.763015
4618.654297 0.000000 4036.212646 0.000000 0.837813 0.000000 0.545957 0.822654 0.822654 0.822654
4721.129395 0.000000 4059.399170 0.000000 0.992572 0.000000 0.121656 0.997869 0.997869 0.997869
4726.660645 0.000000 4054.796875 0.000000 0.919810 0.000000 0.392365 0.982888 0.982888 0.982888
4711.951172 0.000000 4062.818604 0.000000 0.801456 0.000000 0.598054 0.943984 0.943984 0.943984
4717.881348 0.000000 4044.110840 0.000000 0.786749 0.000000 0.617274 0.921938 0.921938 0.921938
4723.340332 0.000000 4057.417969 0.000000 0.956964 0.000000 0.290208 0.950749 0.950749 0.950749
4715.937988 0.000000 4062.659912 0.000000 0.865029 0.000000 0.501722 0.935704 0.935704 0.935704
4710.093750 0.000000 4059.530029 0.000000 0.903345 0.000000 0.428914 0.873837 0.873837 0.873837
4724.767090 0.000000 4056.643311 0.000000 0.801558 0.000000 0.597916 0.823996 0.823996 0.823996
4712.338867 0.000000 4056.336670 0.000000 0.882119 0.000000 0.471026 0.888576 0.888576 0.888576
4724.614746 0.000000 4058.784180 0.000000 0.995815 0.000000 0.091387 0.976239 0.976239 0.976239
4711.241211 0.000000 4057.547119 0.000000 0.761179 0.000000 0.648542 0.816780 0.816780 0.816780
4726.013672 0.000000 4058.611328 0.000000 0.800126 0.000000 0.599832 0.783189 0.783189 0.783189
"}
object={
	name="reeds_01_generator_1_2"
	render_pass=Map
	clamp_to_water_level=no
	generated_content=yes
	layer="grass_layer"
	pdxmesh="reeds_01_tall_grass_mesh"
	count=1522
	transform="3011.118164 0.000000 1980.832886 0.000000 0.986592 0.000000 -0.163206 1.004093 1.004093 1.004093
3011.435547 0.000000 1982.951904 0.000000 0.648026 0.000000 -0.761619 1.054038 1.054038 1.054038
3014.421387 0.000000 1988.203125 0.000000 0.968347 0.000000 -0.249606 1.002519 1.002519 1.002519
3026.373535 0.000000 1989.558594 0.000000 0.972322 0.000000 -0.233647 1.008831 1.008831 1.008831
3028.838623 0.000000 1989.382935 0.000000 0.999587 0.000000 0.028731 0.997920 0.997920 0.997920
3228.277832 0.000000 3187.644043 0.000000 0.276215 0.000000 -0.961096 1.019337 1.019337 1.019337
3225.135498 0.000000 3174.715576 0.000000 0.998723 0.000000 0.050514 0.997729 0.997729 0.997729
3234.367432 0.000000 3173.948975 0.000000 0.955024 0.000000 -0.296530 1.023300 1.023300 1.023300
3247.333740 0.000000 3178.923584 0.000000 0.763758 0.000000 -0.645503 1.071823 1.071823 1.071823
3228.850830 0.000000 3168.382080 0.000000 0.343500 0.000000 -0.939153 1.103570 1.103570 1.103570
3235.635742 0.000000 3169.846680 0.000000 0.790943 0.000000 -0.611890 1.078905 1.078905 1.078905
3233.888428 0.000000 3172.124268 0.000000 0.972684 0.000000 -0.232132 1.026319 1.026319 1.026319
3232.260010 0.000000 3169.280273 0.000000 0.165868 0.000000 -0.986148 1.182289 1.182289 1.182289
3228.258789 0.000000 3175.946289 0.000000 0.497888 0.000000 -0.867242 1.138885 1.138885 1.138885
3226.791260 0.000000 3168.942627 0.000000 0.873236 0.000000 -0.487298 1.083868 1.083868 1.083868
3247.131592 0.000000 3175.960938 0.000000 0.996922 0.000000 -0.078404 1.009993 1.009993 1.009993
3232.616211 0.000000 3187.847656 0.000000 0.637478 0.000000 -0.770469 1.166889 1.166889 1.166889
3226.333008 0.000000 3175.660645 0.000000 0.829190 0.000000 -0.558967 1.079963 1.079963 1.079963
3246.296875 0.000000 3174.824951 0.000000 0.684622 0.000000 -0.728898 1.103987 1.103987 1.103987
3234.928711 0.000000 3171.125244 0.000000 0.304957 0.000000 -0.952366 1.154247 1.154247 1.154247
3242.671631 0.000000 3176.493896 0.000000 0.514328 0.000000 -0.857594 1.190393 1.190393 1.190393
3236.166260 0.000000 3173.635254 0.000000 0.818053 0.000000 -0.575143 1.102499 1.102499 1.102499
3233.446289 0.000000 3186.023193 0.000000 0.820382 0.000000 -0.571815 1.115497 1.115497 1.115497
3237.603027 0.000000 3186.817871 0.000000 0.731683 0.000000 -0.681645 1.153540 1.153540 1.153540
3232.110107 0.000000 3176.428223 0.000000 0.474128 0.000000 -0.880456 1.163989 1.163989 1.163989
3237.105957 0.000000 3174.431152 0.000000 0.848320 0.000000 -0.529485 1.142092 1.142092 1.142092
3225.580566 0.000000 3169.027588 0.000000 0.767388 0.000000 -0.641183 1.107737 1.107737 1.107737
3240.871338 0.000000 3182.018555 0.000000 0.776459 0.000000 -0.630168 1.202546 1.202546 1.202546
3243.806152 0.000000 3176.405029 0.000000 0.677585 0.000000 -0.735445 1.152659 1.152659 1.152659
3236.142578 0.000000 3183.091797 0.000000 0.421936 0.000000 -0.906626 1.365602 1.365602 1.365602
3231.062500 0.000000 3182.884521 0.000000 0.985446 0.000000 -0.169988 1.046057 1.046057 1.046057
3247.834473 0.000000 3172.181152 0.000000 0.974199 0.000000 -0.225690 1.051719 1.051719 1.051719
3243.436279 0.000000 3179.123535 0.000000 0.445636 0.000000 -0.895214 1.321140 1.321140 1.321140
3239.905029 0.000000 3184.186035 0.000000 0.059820 0.000000 -0.998209 1.388530 1.388530 1.388530
3246.931641 0.000000 3173.953125 0.000000 0.407392 0.000000 -0.913254 1.261536 1.261536 1.261536
3238.877686 0.000000 3175.952393 0.000000 0.684748 0.000000 -0.728780 1.275201 1.275201 1.275201
3233.149414 0.000000 3183.352539 0.000000 0.224449 0.000000 -0.974486 1.379274 1.379274 1.379274
3231.077881 0.000000 3178.607178 0.000000 0.999810 0.000000 -0.019511 1.005066 1.005066 1.005066
3235.783691 0.000000 3181.466553 0.000000 0.530274 0.000000 -0.847826 1.373876 1.373876 1.373876
3232.391846 0.000000 3185.494141 0.000000 0.826582 0.000000 -0.562817 1.165658 1.165658 1.165658
3240.277344 0.000000 3174.097656 0.000000 0.389021 0.000000 -0.921229 1.391820 1.391820 1.391820
3236.554199 0.000000 3182.165527 0.000000 0.582181 0.000000 -0.813059 1.305755 1.305755 1.305755
3232.185791 0.000000 3184.469482 0.000000 0.826547 0.000000 -0.562868 1.165675 1.165675 1.165675
3245.639893 0.000000 3177.354736 0.000000 0.974793 0.000000 -0.223111 1.060667 1.060667 1.060667
3241.879883 0.000000 3179.854248 0.000000 0.987844 0.000000 -0.155450 1.052605 1.052605 1.052605
3235.964355 0.000000 3177.183105 0.000000 0.992687 0.000000 -0.120714 1.032627 1.032627 1.032627
3233.348877 0.000000 3181.143799 0.000000 0.999803 0.000000 -0.019834 1.007081 1.007081 1.007081
3238.030762 0.000000 3172.458008 0.000000 0.999256 0.000000 -0.038557 1.010591 1.010591 1.010591
3235.300049 0.000000 3179.449219 0.000000 0.996370 0.000000 -0.085130 1.030216 1.030216 1.030216
3236.982666 0.000000 3180.218506 0.000000 0.971033 0.000000 -0.238947 1.089753 1.089753 1.089753
3231.267090 0.000000 3183.958008 0.000000 0.514449 0.000000 -0.857521 1.277832 1.277832 1.277832
3236.657715 0.000000 3178.433838 0.000000 0.990613 0.000000 -0.136696 1.046558 1.046558 1.046558
3235.186523 0.000000 3183.412598 0.000000 0.927895 0.000000 -0.372842 1.134494 1.134494 1.134494
3242.956299 0.000000 3172.711670 0.000000 0.986015 0.000000 -0.166656 1.051834 1.051834 1.051834
3237.201172 0.000000 3185.956543 0.000000 0.906126 0.000000 -0.423007 1.125396 1.125396 1.125396
3236.885254 0.000000 3175.478027 0.000000 0.999970 0.000000 0.007744 0.998028 0.998028 0.998028
3230.562744 0.000000 3177.123047 0.000000 0.163927 0.000000 -0.986472 1.347536 1.347536 1.347536
3245.365723 0.000000 3179.427979 0.000000 0.474154 0.000000 -0.880442 1.317215 1.317215 1.317215
3237.523682 0.000000 3182.044189 0.000000 0.353584 0.000000 -0.935403 1.389492 1.389492 1.389492
3229.679443 0.000000 3181.667725 0.000000 0.987398 0.000000 -0.158258 1.046818 1.046818 1.046818
3242.790771 0.000000 3181.052002 0.000000 0.804297 0.000000 -0.594228 1.193805 1.193805 1.193805
3238.999268 0.000000 3173.894775 0.000000 0.997086 0.000000 -0.076287 1.020970 1.020970 1.020970
3233.990967 0.000000 3185.052002 0.000000 0.946034 0.000000 -0.324068 1.091456 1.091456 1.091456
3242.131836 0.000000 3173.448242 0.000000 0.091817 0.000000 -0.995776 1.457811 1.457811 1.457811
3241.648438 0.000000 3182.402588 0.000000 0.791057 0.000000 -0.611743 1.195563 1.195563 1.195563
3244.390381 0.000000 3173.669434 0.000000 0.996761 0.000000 -0.080421 1.025727 1.025727 1.025727
3239.195801 0.000000 3181.846436 0.000000 0.935364 0.000000 -0.353686 1.129964 1.129964 1.129964
3233.870117 0.000000 3178.575195 0.000000 0.895681 0.000000 -0.444696 1.142662 1.142662 1.142662
3234.526123 0.000000 3182.813477 0.000000 0.893675 0.000000 -0.448716 1.163802 1.163802 1.163802
3237.642578 0.000000 3179.720215 0.000000 0.708261 0.000000 -0.705951 1.266112 1.266112 1.266112
3244.136230 0.000000 3172.073730 0.000000 0.915832 0.000000 -0.401561 1.132048 1.132048 1.132048
3826.787842 0.000000 3434.784424 0.000000 0.110002 0.000000 -0.993931 1.142209 1.142209 1.142209
3821.850342 0.000000 3436.120117 0.000000 0.612345 0.000000 -0.790591 1.081946 1.081946 1.081946
3824.686035 0.000000 3436.973389 0.000000 0.496031 0.000000 -0.868305 1.144419 1.144419 1.144419
3854.990234 0.000000 3509.274902 0.000000 0.523251 0.000000 -0.852179 1.028015 1.028015 1.028015
3861.026611 0.000000 3512.357178 0.000000 0.259057 0.000000 -0.965862 1.160101 1.160101 1.160101
3855.029785 0.000000 3505.002930 0.000000 0.886538 0.000000 -0.462655 1.055237 1.055237 1.055237
3859.910400 0.000000 3513.071777 0.000000 0.558397 0.000000 -0.829574 1.136779 1.136779 1.136779
3856.252686 0.000000 3507.573975 0.000000 0.527532 0.000000 -0.849535 1.233151 1.233151 1.233151
3856.000488 0.000000 3509.848633 0.000000 0.153362 0.000000 -0.988170 1.226379 1.226379 1.226379
3861.019531 0.000000 3505.501709 0.000000 0.999793 0.000000 -0.020339 1.003809 1.003809 1.003809
3861.133301 0.000000 3506.937988 0.000000 0.872412 0.000000 -0.488771 1.126219 1.126219 1.126219
3903.632080 0.000000 3499.149902 0.000000 0.631944 0.000000 -0.775014 1.059772 1.059772 1.059772
3908.091309 0.000000 3494.892334 0.000000 0.210621 0.000000 -0.977568 1.176372 1.176372 1.176372
3905.614014 0.000000 3496.552979 0.000000 0.519023 0.000000 -0.854760 1.143314 1.143314 1.143314
3907.250488 0.000000 3496.340820 0.000000 0.999923 0.000000 -0.012373 1.001637 1.001637 1.001637
3906.615723 0.000000 3499.268311 0.000000 0.789489 0.000000 -0.613764 1.107235 1.107235 1.107235
3909.855713 0.000000 3496.244141 0.000000 0.620842 0.000000 -0.783935 1.132711 1.132711 1.132711
3877.603516 0.000000 3557.303467 0.000000 0.999339 0.000000 -0.036356 1.001997 1.001997 1.001997
3875.198242 0.000000 3572.854004 0.000000 0.763734 0.000000 -0.645531 1.057812 1.057812 1.057812
3869.005127 0.000000 3575.734375 0.000000 0.999891 0.000000 -0.014733 1.000920 1.000920 1.000920
3872.097900 0.000000 3555.257080 0.000000 0.044975 0.000000 -0.998988 1.179035 1.179035 1.179035
3873.200684 0.000000 3561.768555 0.000000 0.091827 0.000000 -0.995775 1.177216 1.177216 1.177216
3875.557617 0.000000 3553.752930 0.000000 0.981459 0.000000 -0.191670 1.025519 1.025519 1.025519
3871.248047 0.000000 3569.032715 0.000000 0.996068 0.000000 -0.088596 1.009080 1.009080 1.009080
3875.327393 0.000000 3580.006104 0.000000 0.281042 0.000000 -0.959695 1.121993 1.121993 1.121993
3871.546143 0.000000 3573.618896 0.000000 0.650335 0.000000 -0.759647 1.073234 1.073234 1.073234
3873.887451 0.000000 3578.561279 0.000000 0.999987 0.000000 -0.005000 1.000762 1.000762 1.000762
3869.358887 0.000000 3553.693359 0.000000 0.207485 0.000000 -0.978238 1.190388 1.190388 1.190388
3877.243164 0.000000 3568.403076 0.000000 0.875815 0.000000 -0.482647 1.049040 1.049040 1.049040
3872.886475 0.000000 3558.483643 0.000000 0.232681 0.000000 -0.972553 1.160094 1.160094 1.160094
3874.587402 0.000000 3559.407959 0.000000 0.279782 0.000000 -0.960064 1.176750 1.176750 1.176750
3871.622314 0.000000 3576.543213 0.000000 0.998279 0.000000 -0.058645 1.008350 1.008350 1.008350
3871.256592 0.000000 3550.905273 0.000000 0.999484 0.000000 0.032136 0.995827 0.995827 0.995827
3872.040771 0.000000 3562.596191 0.000000 0.351251 0.000000 -0.936281 1.145226 1.145226 1.145226
3876.274658 0.000000 3560.177490 0.000000 0.086213 0.000000 -0.996277 1.189009 1.189009 1.189009
3871.208008 0.000000 3578.196777 0.000000 0.431660 0.000000 -0.902036 1.157207 1.157207 1.157207
3872.639648 0.000000 3574.343262 0.000000 0.534280 0.000000 -0.845307 1.178521 1.178521 1.178521
3873.368164 0.000000 3569.929443 0.000000 0.076167 0.000000 -0.997095 1.261186 1.261186 1.261186
3873.313721 0.000000 3576.518555 0.000000 0.952839 0.000000 -0.303477 1.052345 1.052345 1.052345
3774.965576 0.000000 3786.473633 0.000000 0.996912 0.000000 -0.078526 1.011382 1.011382 1.011382
3774.666016 0.000000 3775.205078 0.000000 0.872274 0.000000 -0.489018 1.051026 1.051026 1.051026
3773.632812 0.000000 3780.754639 0.000000 0.414844 0.000000 -0.909893 1.159803 1.159803 1.159803
3773.309570 0.000000 3777.487305 0.000000 0.705389 0.000000 -0.708820 1.100309 1.100309 1.100309
3772.349121 0.000000 3780.939941 0.000000 0.874011 0.000000 -0.485906 1.070938 1.070938 1.070938
3839.128418 0.000000 3821.928467 0.000000 0.940381 0.000000 -0.340123 1.006931 1.006931 1.006931
3818.917236 0.000000 3820.031738 0.000000 0.974813 0.000000 -0.223023 1.010107 1.010107 1.010107
3832.399902 0.000000 3829.938477 0.000000 0.408719 0.000000 -0.912660 1.080371 1.080371 1.080371
3835.625000 0.000000 3803.787842 0.000000 0.974513 0.000000 -0.224331 1.011862 1.011862 1.011862
3829.566406 0.000000 3810.300049 0.000000 0.125853 0.000000 -0.992049 1.176720 1.176720 1.176720
3836.059814 0.000000 3815.096924 0.000000 0.898178 0.000000 -0.439633 1.054547 1.054547 1.054547
3838.911377 0.000000 3803.918701 0.000000 0.782712 0.000000 -0.622385 1.080503 1.080503 1.080503
3836.420654 0.000000 3802.313965 0.000000 0.574507 0.000000 -0.818500 1.110109 1.110109 1.110109
3830.595459 0.000000 3815.213867 0.000000 0.381132 0.000000 -0.924520 1.144323 1.144323 1.144323
3831.511230 0.000000 3822.499268 0.000000 0.511514 0.000000 -0.859275 1.144539 1.144539 1.144539
3830.081299 0.000000 3808.744141 0.000000 0.385782 0.000000 -0.922590 1.149573 1.149573 1.149573
3836.500244 0.000000 3812.812012 0.000000 0.763084 0.000000 -0.646300 1.082456 1.082456 1.082456
3832.449463 0.000000 3798.795410 0.000000 0.354699 0.000000 -0.934981 1.171931 1.171931 1.171931
3836.270996 0.000000 3809.708740 0.000000 0.928558 0.000000 -0.371188 1.044622 1.044622 1.044622
3833.441406 0.000000 3813.725342 0.000000 0.999333 0.000000 -0.036511 1.004559 1.004559 1.004559
3837.567139 0.000000 3818.690186 0.000000 0.841723 0.000000 -0.539909 1.084007 1.084007 1.084007
3820.404785 0.000000 3819.514893 0.000000 0.981657 0.000000 -0.190654 1.022988 1.022988 1.022988
3779.893311 0.000000 3789.369873 0.000000 0.981336 0.000000 -0.192302 1.028503 1.028503 1.028503
3839.004395 0.000000 3800.921631 0.000000 0.884846 0.000000 -0.465884 1.061705 1.061705 1.061705
3839.482910 0.000000 3798.461670 0.000000 0.986831 0.000000 -0.161755 1.022714 1.022714 1.022714
3838.117676 0.000000 3810.646484 0.000000 0.417115 0.000000 -0.908854 1.122437 1.122437 1.122437
3825.830811 0.000000 3811.317871 0.000000 0.513767 0.000000 -0.857930 1.172492 1.172492 1.172492
3835.235352 0.000000 3817.669434 0.000000 0.997191 0.000000 -0.074907 1.010669 1.010669 1.010669
3831.022705 0.000000 3811.781006 0.000000 0.301499 0.000000 -0.953466 1.161005 1.161005 1.161005
3828.001709 0.000000 3794.200928 0.000000 0.891244 0.000000 -0.453524 1.061109 1.061109 1.061109
3831.842773 0.000000 3820.243164 0.000000 0.215254 0.000000 -0.976558 1.199416 1.199416 1.199416
3832.893066 0.000000 3817.900391 0.000000 0.855899 0.000000 -0.517143 1.075986 1.075986 1.075986
3834.794189 0.000000 3822.571533 0.000000 0.994963 0.000000 -0.100242 1.013787 1.013787 1.013787
3835.015869 0.000000 3819.915039 0.000000 0.509105 0.000000 -0.860704 1.152695 1.152695 1.152695
3831.303467 0.000000 3817.577148 0.000000 0.336126 0.000000 -0.941817 1.162485 1.162485 1.162485
3775.597656 0.000000 3779.847900 0.000000 0.980565 0.000000 -0.196193 1.026129 1.026129 1.026129
3837.310791 0.000000 3794.569824 0.000000 0.716160 0.000000 -0.697936 1.146574 1.146574 1.146574
3837.011475 0.000000 3814.062256 0.000000 0.151920 0.000000 -0.988393 1.169959 1.169959 1.169959
3776.155273 0.000000 3783.000488 0.000000 0.999994 0.000000 0.003370 0.999504 0.999504 0.999504
3825.058838 0.000000 3814.833984 0.000000 0.966827 0.000000 -0.255432 1.045139 1.045139 1.045139
3836.116943 0.000000 3805.049072 0.000000 0.895114 0.000000 -0.445838 1.053069 1.053069 1.053069
3780.469971 0.000000 3787.099854 0.000000 0.772746 0.000000 -0.634715 1.082403 1.082403 1.082403
3837.250000 0.000000 3792.894287 0.000000 0.909658 0.000000 -0.415359 1.066301 1.066301 1.066301
3824.686035 0.000000 3820.879639 0.000000 0.999420 0.000000 -0.034069 1.005785 1.005785 1.005785
3826.444580 0.000000 3812.945068 0.000000 0.799093 0.000000 -0.601207 1.115942 1.115942 1.115942
3822.247803 0.000000 3821.769043 0.000000 0.119360 0.000000 -0.992851 1.199258 1.199258 1.199258
3831.591309 0.000000 3823.773193 0.000000 0.637303 0.000000 -0.770613 1.123002 1.123002 1.123002
3833.899902 0.000000 3821.690430 0.000000 0.998195 0.000000 0.060048 0.991450 0.991450 0.991450
3832.758789 0.000000 3793.752197 0.000000 0.094732 0.000000 -0.995503 1.195290 1.195290 1.195290
3832.938721 0.000000 3819.390869 0.000000 0.999319 0.000000 0.036890 0.994749 0.994749 0.994749
3778.306152 0.000000 3785.694092 0.000000 0.995022 0.000000 -0.099655 1.017694 1.017694 1.017694
3776.727539 0.000000 3781.491699 0.000000 0.059040 0.000000 -0.998256 1.233993 1.233993 1.233993
3824.321533 0.000000 3815.781738 0.000000 0.983292 0.000000 -0.182033 1.031990 1.031990 1.031990
3825.010498 0.000000 3810.176025 0.000000 0.991768 0.000000 -0.128051 1.021478 1.021478 1.021478
3832.074707 0.000000 3796.004150 0.000000 0.992579 0.000000 -0.121604 1.025261 1.025261 1.025261
3834.935059 0.000000 3826.970703 0.000000 0.999233 0.000000 -0.039148 1.007039 1.007039 1.007039
3826.321045 0.000000 3817.079346 0.000000 0.497727 0.000000 -0.867334 1.172981 1.172981 1.172981
3833.704102 0.000000 3794.460449 0.000000 0.331252 0.000000 -0.943542 1.258607 1.258607 1.258607
3834.717041 0.000000 3792.425293 0.000000 0.260733 0.000000 -0.965411 1.336092 1.336092 1.336092
3833.395508 0.000000 3827.238281 0.000000 0.467601 0.000000 -0.883939 1.181356 1.181356 1.181356
3835.190674 0.000000 3824.823486 0.000000 0.643704 0.000000 -0.765274 1.156647 1.156647 1.156647
3825.296387 0.000000 3813.723877 0.000000 0.143368 0.000000 -0.989670 1.235119 1.235119 1.235119
3778.046387 0.000000 3783.392578 0.000000 0.512337 0.000000 -0.858785 1.203715 1.203715 1.203715
3835.371094 0.000000 3800.655518 0.000000 0.878456 0.000000 -0.477824 1.087060 1.087060 1.087060
3820.861328 0.000000 3822.539795 0.000000 0.598329 0.000000 -0.801251 1.178659 1.178659 1.178659
3833.010254 0.000000 3797.523438 0.000000 1.000000 0.000000 -0.000086 1.000018 1.000018 1.000018
3834.335938 0.000000 3797.148438 0.000000 0.625567 0.000000 -0.780170 1.308327 1.308327 1.308327
3835.318848 0.000000 3793.155518 0.000000 0.978422 0.000000 -0.206617 1.053516 1.053516 1.053516
3869.675781 0.000000 3587.779053 0.000000 0.900658 0.000000 -0.434530 1.020200 1.020200 1.020200
3867.806152 0.000000 3638.145264 0.000000 0.854138 0.000000 -0.520046 1.024577 1.024577 1.024577
3865.343506 0.000000 3646.225098 0.000000 0.760977 0.000000 -0.648779 1.022913 1.022913 1.022913
3866.876709 0.000000 3644.022217 0.000000 0.997167 0.000000 0.075215 0.994925 0.994925 0.994925
3864.104248 0.000000 3641.428467 0.000000 0.621447 0.000000 -0.783456 1.085402 1.085402 1.085402
3872.068115 0.000000 3643.210205 0.000000 0.027251 0.000000 -0.999629 1.169555 1.169555 1.169555
3871.885010 0.000000 3645.023926 0.000000 0.158389 0.000000 -0.987377 1.158601 1.158601 1.158601
3871.154053 0.000000 3588.223633 0.000000 0.239637 0.000000 -0.970863 1.175823 1.175823 1.175823
3870.595215 0.000000 3584.615234 0.000000 0.466040 0.000000 -0.884764 1.146406 1.146406 1.146406
3873.106689 0.000000 3586.310059 0.000000 0.745606 0.000000 -0.666387 1.129281 1.129281 1.129281
3867.258057 0.000000 3641.154541 0.000000 0.416452 0.000000 -0.909157 1.262127 1.262127 1.262127
3869.384521 0.000000 3644.537354 0.000000 0.322411 0.000000 -0.946600 1.285385 1.285385 1.285385
3867.917480 0.000000 3642.885742 0.000000 0.741331 0.000000 -0.671139 1.143272 1.143272 1.143272
3868.702148 0.000000 3645.373779 0.000000 0.372919 0.000000 -0.927864 1.273011 1.273011 1.273011
3868.864258 0.000000 3642.671875 0.000000 0.905925 0.000000 -0.423438 1.128807 1.128807 1.128807
3866.557617 0.000000 3651.656494 0.000000 0.693131 0.000000 -0.720812 1.022106 1.022106 1.022106
3870.242920 0.000000 3660.930664 0.000000 0.874413 0.000000 -0.485183 1.031617 1.031617 1.031617
3868.293457 0.000000 3650.730957 0.000000 0.931015 0.000000 -0.364980 1.041973 1.041973 1.041973
3869.380859 0.000000 3655.508789 0.000000 0.897622 0.000000 -0.440766 1.060396 1.060396 1.060396
3870.047119 0.000000 3656.966309 0.000000 0.770680 0.000000 -0.637222 1.084517 1.084517 1.084517
3871.588135 0.000000 3657.208008 0.000000 0.999883 0.000000 -0.015294 1.001871 1.001871 1.001871
3871.359619 0.000000 3654.296631 0.000000 0.651189 0.000000 -0.758915 1.094650 1.094650 1.094650
3867.099609 0.000000 3660.200195 0.000000 0.931285 0.000000 -0.364291 1.051199 1.051199 1.051199
3839.739014 0.000000 3821.513428 0.000000 0.420325 0.000000 -0.907374 1.022708 1.022708 1.022708
3839.639893 0.000000 3819.071777 0.000000 0.390432 0.000000 -0.920632 1.078845 1.078845 1.078845
3841.353516 0.000000 3802.958984 0.000000 0.578555 0.000000 -0.815643 1.073821 1.073821 1.073821
3840.540527 0.000000 3804.568604 0.000000 0.924263 0.000000 -0.381758 1.031293 1.031293 1.031293
3795.902832 0.000000 3906.677490 0.000000 0.730368 0.000000 -0.683054 1.018772 1.018772 1.018772
3813.159668 0.000000 3926.645264 0.000000 0.500194 0.000000 -0.865913 1.036593 1.036593 1.036593
3802.489990 0.000000 3927.293701 0.000000 0.851713 0.000000 -0.524009 1.017901 1.017901 1.017901
3820.897217 0.000000 3926.316895 0.000000 0.620574 0.000000 -0.784148 1.051754 1.051754 1.051754
3814.687500 0.000000 3909.493652 0.000000 0.309017 0.000000 -0.951056 1.125490 1.125490 1.125490
3795.648926 0.000000 3910.325439 0.000000 0.916794 0.000000 -0.399361 1.034871 1.034871 1.034871
3835.134521 0.000000 3939.812500 0.000000 0.858447 0.000000 -0.512902 1.060505 1.060505 1.060505
3800.092773 0.000000 3930.175781 0.000000 0.225507 0.000000 -0.974241 1.090550 1.090550 1.090550
3821.001709 0.000000 3921.854980 0.000000 0.652496 0.000000 -0.757793 1.092314 1.092314 1.092314
3820.236084 0.000000 3920.233154 0.000000 0.967083 0.000000 -0.254461 1.027621 1.027621 1.027621
3802.972900 0.000000 3917.385742 0.000000 0.972779 0.000000 -0.231735 1.030944 1.030944 1.030944
3815.128662 0.000000 3922.397217 0.000000 0.998871 0.000000 0.047504 0.995848 0.995848 0.995848
3836.420654 0.000000 3930.282715 0.000000 0.916472 0.000000 -0.400098 1.039050 1.039050 1.039050
3807.871826 0.000000 3920.631104 0.000000 0.209489 0.000000 -0.977811 1.203680 1.203680 1.203680
3818.532227 0.000000 3915.302734 0.000000 0.365934 0.000000 -0.930641 1.116465 1.116465 1.116465
3804.944580 0.000000 3914.838623 0.000000 0.813089 0.000000 -0.582139 1.080665 1.080665 1.080665
3830.081299 0.000000 3936.712891 0.000000 0.283543 0.000000 -0.958959 1.176211 1.176211 1.176211
3802.120361 0.000000 3925.619385 0.000000 0.690418 0.000000 -0.723411 1.080761 1.080761 1.080761
3817.116211 0.000000 3924.555664 0.000000 0.585478 0.000000 -0.810688 1.110922 1.110922 1.110922
3810.930664 0.000000 3923.830078 0.000000 0.535196 0.000000 -0.844728 1.148188 1.148188 1.148188
3808.002686 0.000000 3931.702148 0.000000 0.686040 0.000000 -0.727564 1.128148 1.128148 1.128148
3811.068604 0.000000 3920.951660 0.000000 0.997554 0.000000 -0.069905 1.010130 1.010130 1.010130
3818.188721 0.000000 3918.294434 0.000000 0.325432 0.000000 -0.945566 1.198019 1.198019 1.198019
3836.270996 0.000000 3937.677490 0.000000 0.543026 0.000000 -0.839716 1.146819 1.146819 1.146819
3808.998291 0.000000 3928.232910 0.000000 0.996978 0.000000 -0.077689 1.011843 1.011843 1.011843
3819.288086 0.000000 3917.123535 0.000000 0.989047 0.000000 -0.147599 1.021081 1.021081 1.021081
3810.129639 0.000000 3922.490234 0.000000 0.964565 0.000000 -0.263844 1.039329 1.039329 1.039329
3802.406006 0.000000 3911.177490 0.000000 0.681578 0.000000 -0.731746 1.122962 1.122962 1.122962
3817.831299 0.000000 3921.071533 0.000000 0.988687 0.000000 -0.149991 1.020673 1.020673 1.020673
3802.282715 0.000000 3921.182861 0.000000 0.995616 0.000000 -0.093532 1.013329 1.013329 1.013329
3801.092285 0.000000 3926.746582 0.000000 0.692954 0.000000 -0.720981 1.114585 1.114585 1.114585
3838.117676 0.000000 3938.615234 0.000000 0.711868 0.000000 -0.702313 1.104972 1.104972 1.104972
3809.288574 0.000000 3926.081543 0.000000 0.354679 0.000000 -0.934988 1.174951 1.174951 1.174951
3798.133545 0.000000 3909.446533 0.000000 0.776597 0.000000 -0.629997 1.119107 1.119107 1.119107
3837.233887 0.000000 3934.694336 0.000000 0.779104 0.000000 -0.626894 1.081195 1.081195 1.081195
3797.208252 0.000000 3906.027588 0.000000 0.102523 0.000000 -0.994731 1.227240 1.227240 1.227240
3805.097412 0.000000 3921.057617 0.000000 0.137337 0.000000 -0.990524 1.257588 1.257588 1.257588
3800.939697 0.000000 3911.816406 0.000000 0.997826 0.000000 -0.065899 1.010208 1.010208 1.010208
3801.791016 0.000000 3906.119629 0.000000 0.826057 0.000000 -0.563586 1.073242 1.073242 1.073242
3796.551758 0.000000 3911.384766 0.000000 0.273223 0.000000 -0.961951 1.232608 1.232608 1.232608
3799.818848 0.000000 3923.698730 0.000000 0.858348 0.000000 -0.513068 1.078012 1.078012 1.078012
3816.828125 0.000000 3918.048584 0.000000 0.729930 0.000000 -0.683522 1.099579 1.099579 1.099579
3808.785400 0.000000 3922.689941 0.000000 0.999571 0.000000 0.029276 0.995833 0.995833 0.995833
3832.383789 0.000000 3935.178467 0.000000 0.946568 0.000000 -0.322505 1.039351 1.039351 1.039351
3806.306641 0.000000 3921.669434 0.000000 0.220502 0.000000 -0.975387 1.201991 1.201991 1.201991
3812.849365 0.000000 3915.358643 0.000000 0.980977 0.000000 -0.194122 1.031215 1.031215 1.031215
3799.214355 0.000000 3906.938232 0.000000 0.720229 0.000000 -0.693737 1.128239 1.128239 1.128239
3833.827148 0.000000 3939.584717 0.000000 0.999973 0.000000 -0.007327 1.001043 1.001043 1.001043
3809.108887 0.000000 3917.451416 0.000000 0.475005 0.000000 -0.879983 1.145036 1.145036 1.145036
3813.480957 0.000000 3919.980469 0.000000 0.986260 0.000000 -0.165203 1.023203 1.023203 1.023203
3831.342773 0.000000 3936.838867 0.000000 0.960660 0.000000 -0.277728 1.038643 1.038643 1.038643
3809.576660 0.000000 3929.426514 0.000000 0.987145 0.000000 -0.159830 1.024445 1.024445 1.024445
3812.306885 0.000000 3913.818604 0.000000 0.984591 0.000000 -0.174871 1.025013 1.025013 1.025013
3810.045410 0.000000 3925.001221 0.000000 0.708261 0.000000 -0.705950 1.115445 1.115445 1.115445
3833.968750 0.000000 3928.596924 0.000000 0.998289 0.000000 -0.058473 1.009056 1.009056 1.009056
3804.094482 0.000000 3921.819336 0.000000 0.586413 0.000000 -0.810012 1.169716 1.169716 1.169716
3811.917969 0.000000 3926.497559 0.000000 0.168207 0.000000 -0.985752 1.199479 1.199479 1.199479
3816.906006 0.000000 3913.987793 0.000000 0.532008 0.000000 -0.846739 1.133617 1.133617 1.133617
3796.963379 0.000000 3910.114746 0.000000 0.997461 0.000000 0.071208 0.987189 0.987189 0.987189
3805.069580 0.000000 3917.369141 0.000000 0.382480 0.000000 -0.923964 1.202979 1.202979 1.202979
3815.662842 0.000000 3911.878662 0.000000 0.937840 0.000000 -0.347069 1.051323 1.051323 1.051323
3814.468262 0.000000 3910.690674 0.000000 0.999898 0.000000 0.014316 0.997927 0.997927 0.997927
3800.560059 0.000000 3916.585938 0.000000 0.996271 0.000000 -0.086280 1.012940 1.012940 1.012940
3832.295898 0.000000 3929.442383 0.000000 0.999943 0.000000 0.010674 0.998348 0.998348 0.998348
3805.707520 0.000000 3925.664307 0.000000 0.314270 0.000000 -0.949333 1.196777 1.196777 1.196777
3799.782227 0.000000 3914.422607 0.000000 0.887237 0.000000 -0.461313 1.088580 1.088580 1.088580
3796.070801 0.000000 3929.807861 0.000000 0.213154 0.000000 -0.977019 1.247127 1.247127 1.247127
3838.024902 0.000000 4005.052490 0.000000 0.992679 0.000000 -0.120787 1.008766 1.008766 1.008766
3838.210449 0.000000 4027.510498 0.000000 0.903752 0.000000 -0.428057 1.033130 1.033130 1.033130
3829.566406 0.000000 4002.253174 0.000000 0.152454 0.000000 -0.988311 1.184052 1.184052 1.184052
3835.187012 0.000000 4024.235352 0.000000 0.996791 0.000000 -0.080051 1.008203 1.008203 1.008203
3830.347656 0.000000 4011.412109 0.000000 0.080029 0.000000 -0.996793 1.230737 1.230737 1.230737
3827.779297 0.000000 4005.367188 0.000000 0.314158 0.000000 -0.949371 1.168682 1.168682 1.168682
3833.144043 0.000000 4018.103516 0.000000 0.544984 0.000000 -0.838447 1.131580 1.131580 1.131580
3837.567139 0.000000 4010.643311 0.000000 0.886954 0.000000 -0.461858 1.061127 1.061127 1.061127
3838.185059 0.000000 4024.455078 0.000000 0.499700 0.000000 -0.866199 1.156915 1.156915 1.156915
3838.910400 0.000000 4019.237305 0.000000 0.886195 0.000000 -0.463313 1.062538 1.062538 1.062538
3835.235352 0.000000 4009.622559 0.000000 0.997831 0.000000 -0.065834 1.008882 1.008882 1.008882
3831.022705 0.000000 4003.734131 0.000000 0.998637 0.000000 0.052199 0.994263 0.994263 0.994263
3837.546631 0.000000 4019.593018 0.000000 0.453477 0.000000 -0.891268 1.159299 1.159299 1.159299
3831.842773 0.000000 4012.196289 0.000000 0.919966 0.000000 -0.391998 1.057320 1.057320 1.057320
3835.165283 0.000000 4021.068115 0.000000 0.375989 0.000000 -0.926624 1.213065 1.213065 1.213065
3834.794189 0.000000 4014.524658 0.000000 0.896426 0.000000 -0.443193 1.069925 1.069925 1.069925
3831.303467 0.000000 4009.530273 0.000000 0.699932 0.000000 -0.714209 1.127103 1.127103 1.127103
3839.016357 0.000000 4006.585693 0.000000 0.516026 0.000000 -0.856573 1.133532 1.133532 1.133532
3833.644775 0.000000 4016.819336 0.000000 0.130070 0.000000 -0.991505 1.219351 1.219351 1.219351
3826.444580 0.000000 4004.898193 0.000000 0.529518 0.000000 -0.848299 1.136534 1.136534 1.136534
3831.591309 0.000000 4015.726318 0.000000 0.866827 0.000000 -0.498610 1.070372 1.070372 1.070372
3832.428711 0.000000 4013.552979 0.000000 0.220576 0.000000 -0.975370 1.218811 1.218811 1.218811
3836.237549 0.000000 4014.087646 0.000000 0.661205 0.000000 -0.750205 1.114372 1.114372 1.114372
3830.074463 0.000000 4010.090088 0.000000 0.983526 0.000000 -0.180768 1.028135 1.028135 1.028135
3837.482910 0.000000 4021.050537 0.000000 0.976542 0.000000 -0.215326 1.035218 1.035218 1.035218
3831.131348 0.000000 4008.221436 0.000000 0.056614 0.000000 -0.998396 1.241930 1.241930 1.241930
3837.773682 0.000000 4023.370117 0.000000 0.697928 0.000000 -0.716167 1.149474 1.149474 1.149474
3851.230957 0.000000 3934.356201 0.000000 0.694706 0.000000 -0.719294 1.078164 1.078164 1.078164
3849.772217 0.000000 3932.686768 0.000000 0.981421 0.000000 -0.191865 1.015424 1.015424 1.015424
3849.286621 0.000000 3936.323486 0.000000 0.979121 0.000000 -0.203278 1.024020 1.024020 1.024020
3854.896240 0.000000 3941.728271 0.000000 0.474596 0.000000 -0.880204 1.115542 1.115542 1.115542
3844.252441 0.000000 3932.655762 0.000000 0.999764 0.000000 0.021704 0.997291 0.997291 0.997291
3848.345947 0.000000 3938.749268 0.000000 0.899247 0.000000 -0.437441 1.050864 1.050864 1.050864
3851.362061 0.000000 3937.838623 0.000000 0.975401 0.000000 -0.220440 1.025525 1.025525 1.025525
3840.781982 0.000000 3938.658203 0.000000 0.965966 0.000000 -0.258668 1.033967 1.033967 1.033967
3846.120117 0.000000 3932.348633 0.000000 0.995533 0.000000 -0.094416 1.009679 1.009679 1.009679
3851.240234 0.000000 3939.366943 0.000000 0.996542 0.000000 -0.083094 1.009761 1.009761 1.009761
3844.029297 0.000000 3937.649902 0.000000 0.841031 0.000000 -0.540987 1.102748 1.102748 1.102748
3849.522705 0.000000 3939.934082 0.000000 0.026155 0.000000 -0.999658 1.173532 1.173532 1.173532
3845.137207 0.000000 3935.186523 0.000000 0.927603 0.000000 -0.373568 1.061172 1.061172 1.061172
3842.748291 0.000000 3935.863037 0.000000 0.120318 0.000000 -0.992735 1.329462 1.329462 1.329462
3842.235107 0.000000 3933.794922 0.000000 0.998126 0.000000 0.061187 0.989453 0.989453 0.989453
3842.948242 0.000000 3938.779297 0.000000 0.839197 0.000000 -0.543827 1.100484 1.100484 1.100484
3842.812256 0.000000 3934.799805 0.000000 0.562295 0.000000 -0.826937 1.221197 1.221197 1.221197
3848.092529 0.000000 4016.899414 0.000000 0.997656 0.000000 -0.068423 1.000342 1.000342 1.000342
3868.303955 0.000000 3982.342041 0.000000 0.918325 0.000000 -0.395827 1.002032 1.002032 1.002032
3842.023438 0.000000 4012.498291 0.000000 0.998176 0.000000 -0.060372 1.003921 1.003921 1.003921
3862.919678 0.000000 4005.325684 0.000000 0.491659 0.000000 -0.870788 1.060682 1.060682 1.060682
3849.772217 0.000000 3996.671143 0.000000 0.115077 0.000000 -0.993357 1.119910 1.119910 1.119910
3864.084961 0.000000 3994.160156 0.000000 0.994652 0.000000 -0.103287 1.009041 1.009041 1.009041
3844.099121 0.000000 4006.767334 0.000000 0.890922 0.000000 -0.454156 1.044724 1.044724 1.044724
3868.931152 0.000000 3988.708252 0.000000 0.986105 0.000000 -0.166125 1.022084 1.022084 1.022084
3851.776855 0.000000 4006.967773 0.000000 0.649467 0.000000 -0.760389 1.125094 1.125094 1.125094
3844.704590 0.000000 4023.948730 0.000000 0.089481 0.000000 -0.995988 1.192289 1.192289 1.192289
3840.758301 0.000000 4007.078369 0.000000 0.544819 0.000000 -0.838554 1.116707 1.116707 1.116707
3851.980469 0.000000 4010.050049 0.000000 0.980080 0.000000 -0.198605 1.032944 1.032944 1.032944
3851.362061 0.000000 4001.822998 0.000000 0.998404 0.000000 0.056478 0.993369 0.993369 0.993369
3865.596436 0.000000 3999.625488 0.000000 0.654035 0.000000 -0.756465 1.130648 1.130648 1.130648
3867.608398 0.000000 3989.950439 0.000000 0.741172 0.000000 -0.671315 1.112082 1.112082 1.112082
3867.960205 0.000000 3991.678223 0.000000 0.995353 0.000000 -0.096291 1.013483 1.013483 1.013483
3855.029785 0.000000 4016.877930 0.000000 0.108811 0.000000 -0.994062 1.153274 1.153274 1.153274
3841.738037 0.000000 4022.253418 0.000000 0.433108 0.000000 -0.901342 1.131754 1.131754 1.131754
3862.968750 0.000000 4000.084473 0.000000 0.999945 0.000000 -0.010456 1.001801 1.001801 1.001801
3841.283203 0.000000 4019.201904 0.000000 0.861052 0.000000 -0.508517 1.077245 1.077245 1.077245
3846.823975 0.000000 4002.427246 0.000000 0.375561 0.000000 -0.926798 1.139138 1.139138 1.139138
3867.196289 0.000000 3995.153320 0.000000 0.871969 0.000000 -0.489561 1.067692 1.067692 1.067692
3852.680176 0.000000 4011.655273 0.000000 0.978458 0.000000 -0.206447 1.029072 1.029072 1.029072
3866.274902 0.000000 3985.167236 0.000000 0.310498 0.000000 -0.950574 1.178602 1.178602 1.178602
3840.269531 0.000000 4014.839844 0.000000 0.411298 0.000000 -0.911501 1.177527 1.177527 1.177527
3840.544922 0.000000 4012.179199 0.000000 0.929857 0.000000 -0.367922 1.048913 1.048913 1.048913
3849.522705 0.000000 4003.918457 0.000000 0.730317 0.000000 -0.683108 1.105136 1.105136 1.105136
3860.797852 0.000000 4002.010254 0.000000 0.942647 0.000000 -0.333790 1.049278 1.049278 1.049278
3845.685303 0.000000 4019.169189 0.000000 0.097601 0.000000 -0.995226 1.194908 1.194908 1.194908
3860.403809 0.000000 4004.279785 0.000000 0.902580 0.000000 -0.430523 1.057780 1.057780 1.057780
3842.623535 0.000000 4011.143311 0.000000 0.258156 0.000000 -0.966103 1.166754 1.166754 1.166754
3852.031006 0.000000 4016.189941 0.000000 0.227257 0.000000 -0.973835 1.157413 1.157413 1.157413
3869.633789 0.000000 3993.888916 0.000000 0.603693 0.000000 -0.797217 1.149727 1.149727 1.149727
3847.702148 0.000000 4012.042236 0.000000 0.042436 0.000000 -0.999099 1.225120 1.225120 1.225120
3843.055908 0.000000 4019.663818 0.000000 0.691019 0.000000 -0.722836 1.133119 1.133119 1.133119
3842.221436 0.000000 4023.828125 0.000000 0.964639 0.000000 -0.263575 1.032629 1.032629 1.032629
3855.396973 0.000000 4013.680420 0.000000 0.505463 0.000000 -0.862848 1.135127 1.135127 1.135127
3849.187744 0.000000 4010.196045 0.000000 0.715754 0.000000 -0.698353 1.127384 1.127384 1.127384
3861.416748 0.000000 3999.337402 0.000000 0.909230 0.000000 -0.416295 1.051453 1.051453 1.051453
3840.169922 0.000000 4009.563965 0.000000 0.984745 0.000000 -0.174006 1.024015 1.024015 1.024015
3853.120850 0.000000 4012.900146 0.000000 0.713660 0.000000 -0.700493 1.122065 1.122065 1.122065
3854.151855 0.000000 4015.520996 0.000000 0.175953 0.000000 -0.984399 1.191400 1.191400 1.191400
3839.595215 0.000000 4024.055664 0.000000 0.493940 0.000000 -0.869496 1.157909 1.157909 1.157909
3861.722168 0.000000 4004.645020 0.000000 0.861091 0.000000 -0.508451 1.069244 1.069244 1.069244
3843.666992 0.000000 4017.623047 0.000000 0.975347 0.000000 -0.220677 1.036663 1.036663 1.036663
3850.201904 0.000000 4009.438232 0.000000 0.762479 0.000000 -0.647013 1.114187 1.114187 1.114187
3863.307129 0.000000 4001.330566 0.000000 0.403310 0.000000 -0.915063 1.199077 1.199077 1.199077
3853.875000 0.000000 4003.010498 0.000000 0.999958 0.000000 0.009157 0.998743 0.998743 0.998743
3855.692383 0.000000 4001.118652 0.000000 0.928548 0.000000 -0.371212 1.067412 1.067412 1.067412
3864.526611 0.000000 4001.896973 0.000000 0.759892 0.000000 -0.650050 1.116601 1.116601 1.116601
3848.792480 0.000000 4011.301025 0.000000 0.975137 0.000000 -0.221605 1.036820 1.036820 1.036820
3851.517822 0.000000 4011.358398 0.000000 0.954335 0.000000 -0.298738 1.049987 1.049987 1.049987
3854.345703 0.000000 4000.868164 0.000000 0.998586 0.000000 0.053158 0.990573 0.990573 0.990573
3848.040527 0.000000 4009.362305 0.000000 0.985277 0.000000 -0.170968 1.027452 1.027452 1.027452
3848.030762 0.000000 4008.134766 0.000000 0.806015 0.000000 -0.591895 1.101205 1.101205 1.101205
3865.502441 0.000000 4000.824463 0.000000 0.998411 0.000000 0.056344 0.990711 0.990711 0.990711
3855.769287 0.000000 4004.967041 0.000000 0.530175 0.000000 -0.847888 1.166748 1.166748 1.166748
3857.867920 0.000000 4004.287354 0.000000 0.777150 0.000000 -0.629315 1.146142 1.146142 1.146142
3856.785889 0.000000 4003.467041 0.000000 0.244692 0.000000 -0.969601 1.360181 1.360181 1.360181
4156.378418 0.000000 3508.618408 0.000000 0.793358 0.000000 -0.608755 1.021242 1.021242 1.021242
4158.606934 0.000000 3508.987061 0.000000 0.615493 0.000000 -0.788143 1.056658 1.056658 1.056658
4138.794434 0.000000 3504.952637 0.000000 0.767486 0.000000 -0.641065 1.053857 1.053857 1.053857
4156.219238 0.000000 3505.165527 0.000000 0.714575 0.000000 -0.699559 1.094779 1.094779 1.094779
4136.327637 0.000000 3503.092285 0.000000 0.526047 0.000000 -0.850455 1.126931 1.126931 1.126931
4135.986816 0.000000 3492.986572 0.000000 0.985092 0.000000 -0.172027 1.019855 1.019855 1.019855
4137.778809 0.000000 3501.358398 0.000000 0.532632 0.000000 -0.846347 1.143597 1.143597 1.143597
4157.528809 0.000000 3502.334473 0.000000 0.974179 0.000000 -0.225778 1.027291 1.027291 1.027291
4149.527832 0.000000 3502.307373 0.000000 0.048287 0.000000 -0.998833 1.197650 1.197650 1.197650
4139.262207 0.000000 3501.690918 0.000000 0.612968 0.000000 -0.790108 1.150105 1.150105 1.150105
4147.653320 0.000000 3500.052734 0.000000 0.692952 0.000000 -0.720984 1.124637 1.124637 1.124637
4140.365723 0.000000 3499.593018 0.000000 0.880806 0.000000 -0.473478 1.081271 1.081271 1.081271
4149.134277 0.000000 3500.385986 0.000000 0.364767 0.000000 -0.931099 1.173385 1.173385 1.173385
4157.507324 0.000000 3507.718018 0.000000 0.542633 0.000000 -0.839970 1.121992 1.121992 1.121992
4138.232910 0.000000 3498.887207 0.000000 0.999926 0.000000 0.012149 0.997513 0.997513 0.997513
4147.561035 0.000000 3502.724121 0.000000 0.302562 0.000000 -0.953130 1.195559 1.195559 1.195559
4144.646973 0.000000 3500.957764 0.000000 0.813713 0.000000 -0.581266 1.099108 1.099108 1.099108
4146.318848 0.000000 3500.018799 0.000000 0.539720 0.000000 -0.841845 1.154893 1.154893 1.154893
4140.651367 0.000000 3495.104980 0.000000 0.056629 0.000000 -0.998395 1.207906 1.207906 1.207906
4143.946289 0.000000 3502.169678 0.000000 0.967134 0.000000 -0.254267 1.037868 1.037868 1.037868
4147.801270 0.000000 3498.251465 0.000000 0.360946 0.000000 -0.932587 1.203975 1.203975 1.203975
4139.696777 0.000000 3496.326904 0.000000 0.582648 0.000000 -0.812725 1.203713 1.203713 1.203713
4168.398438 0.000000 3513.802979 0.000000 0.349866 0.000000 -0.936800 1.030292 1.030292 1.030292
4175.156738 0.000000 3506.856934 0.000000 0.777867 0.000000 -0.628429 1.032233 1.032233 1.032233
4167.815918 0.000000 3511.892822 0.000000 0.770054 0.000000 -0.637978 1.053546 1.053546 1.053546
4170.035156 0.000000 3508.695801 0.000000 0.777791 0.000000 -0.628523 1.079749 1.079749 1.079749
4161.673340 0.000000 3502.314941 0.000000 0.310745 0.000000 -0.950493 1.093982 1.093982 1.093982
4166.547363 0.000000 3506.056152 0.000000 0.076636 0.000000 -0.997059 1.190233 1.190233 1.190233
4207.695801 0.000000 3518.994141 0.000000 0.943333 0.000000 -0.331848 1.035468 1.035468 1.035468
4159.831055 0.000000 3504.373535 0.000000 0.680568 0.000000 -0.732685 1.096482 1.096482 1.096482
4164.211914 0.000000 3506.897461 0.000000 0.596737 0.000000 -0.802437 1.120911 1.120911 1.120911
4176.457520 0.000000 3508.805420 0.000000 0.116039 0.000000 -0.993245 1.127093 1.127093 1.127093
4168.089844 0.000000 3506.585449 0.000000 0.169061 0.000000 -0.985606 1.167878 1.167878 1.167878
4168.538086 0.000000 3508.307617 0.000000 0.889457 0.000000 -0.457020 1.061618 1.061618 1.061618
4173.529785 0.000000 3513.777100 0.000000 0.997964 0.000000 -0.063774 1.008922 1.008922 1.008922
4165.646484 0.000000 3507.294189 0.000000 1.000000 0.000000 0.000285 0.999963 0.999963 0.999963
4178.100098 0.000000 3511.480469 0.000000 0.526918 0.000000 -0.849916 1.109051 1.109051 1.109051
4163.017090 0.000000 3507.788818 0.000000 0.596712 0.000000 -0.802456 1.113939 1.113939 1.113939
4171.531738 0.000000 3511.376953 0.000000 0.382324 0.000000 -0.924028 1.155934 1.155934 1.155934
4176.743652 0.000000 3513.913574 0.000000 0.944142 0.000000 -0.329540 1.051141 1.051141 1.051141
4174.441895 0.000000 3515.184082 0.000000 0.096258 0.000000 -0.995356 1.217172 1.217172 1.217172
4148.416504 0.000000 3552.953613 0.000000 0.385112 0.000000 -0.922870 1.032281 1.032281 1.032281
4154.393066 0.000000 3549.499756 0.000000 0.990223 0.000000 -0.139496 1.017120 1.017120 1.017120
4152.744141 0.000000 3549.901367 0.000000 0.794739 0.000000 -0.606951 1.100954 1.100954 1.100954
4150.042480 0.000000 3552.806641 0.000000 0.106896 0.000000 -0.994270 1.222905 1.222905 1.222905
4156.231934 0.000000 3553.771240 0.000000 0.735752 0.000000 -0.677251 1.096589 1.096589 1.096589
4157.194824 0.000000 3550.788086 0.000000 0.802001 0.000000 -0.597322 1.084704 1.084704 1.084704
4158.507812 0.000000 3552.073730 0.000000 0.779243 0.000000 -0.626722 1.091315 1.091315 1.091315
4156.078125 0.000000 3549.111572 0.000000 0.730036 0.000000 -0.683409 1.105194 1.105194 1.105194
4152.344727 0.000000 3551.272217 0.000000 0.885623 0.000000 -0.464404 1.078373 1.078373 1.078373
4150.068359 0.000000 3548.599854 0.000000 0.878845 0.000000 -0.477108 1.080709 1.080709 1.080709
4179.560059 0.000000 3562.953125 0.000000 0.495324 0.000000 -0.868708 1.112997 1.112997 1.112997
4215.452148 0.000000 3529.129883 0.000000 0.272175 0.000000 -0.962248 1.145502 1.145502 1.145502
4160.501953 0.000000 3548.631104 0.000000 0.140089 0.000000 -0.990139 1.135686 1.135686 1.135686
4173.474609 0.000000 3556.296143 0.000000 0.973090 0.000000 -0.230423 1.027863 1.027863 1.027863
4212.899902 0.000000 3520.470703 0.000000 0.333268 0.000000 -0.942832 1.156739 1.156739 1.156739
4160.216309 0.000000 3551.695068 0.000000 0.059340 0.000000 -0.998238 1.181120 1.181120 1.181120
4209.343262 0.000000 3523.494629 0.000000 0.834378 0.000000 -0.551192 1.075788 1.075788 1.075788
4171.323242 0.000000 3553.932373 0.000000 0.785693 0.000000 -0.618616 1.099909 1.099909 1.099909
4166.081055 0.000000 3548.442383 0.000000 0.767857 0.000000 -0.640621 1.097209 1.097209 1.097209
4171.201660 0.000000 3555.460693 0.000000 0.854204 0.000000 -0.519937 1.072348 1.072348 1.072348
4176.249023 0.000000 3554.787842 0.000000 0.976940 0.000000 -0.213514 1.024173 1.024173 1.024173
4215.568359 0.000000 3525.187988 0.000000 0.940028 0.000000 -0.341098 1.043451 1.043451 1.043451
4163.990234 0.000000 3553.743652 0.000000 0.960608 0.000000 -0.277907 1.040778 1.040778 1.040778
4206.301270 0.000000 3519.206299 0.000000 0.987139 0.000000 -0.159866 1.016835 1.016835 1.016835
4169.483887 0.000000 3556.027832 0.000000 0.704353 0.000000 -0.709850 1.147787 1.147787 1.147787
4181.214844 0.000000 3560.155273 0.000000 0.715460 0.000000 -0.698653 1.090762 1.090762 1.090762
4167.705566 0.000000 3557.818604 0.000000 0.869277 0.000000 -0.494326 1.080034 1.080034 1.080034
4162.709473 0.000000 3551.956787 0.000000 0.921094 0.000000 -0.389341 1.065895 1.065895 1.065895
4168.425293 0.000000 3551.563721 0.000000 0.946953 0.000000 -0.321373 1.062895 1.062895 1.062895
4306.459961 0.000000 3512.925781 0.000000 0.581919 0.000000 -0.813247 1.094840 1.094840 1.094840
4308.376465 0.000000 3518.182373 0.000000 0.402239 0.000000 -0.915535 1.144405 1.144405 1.144405
4301.592285 0.000000 3508.252197 0.000000 0.659264 0.000000 -0.751911 1.114720 1.114720 1.114720
4294.657227 0.000000 3519.000488 0.000000 0.551925 0.000000 -0.833893 1.086167 1.086167 1.086167
4307.362305 0.000000 3515.436768 0.000000 0.756428 0.000000 -0.654077 1.087217 1.087217 1.087217
4301.514160 0.000000 3513.777100 0.000000 0.901294 0.000000 -0.433209 1.063759 1.063759 1.063759
4297.504883 0.000000 3518.589600 0.000000 0.595833 0.000000 -0.803108 1.109417 1.109417 1.109417
4297.822266 0.000000 3513.581543 0.000000 0.629796 0.000000 -0.776761 1.091048 1.091048 1.091048
4306.188965 0.000000 3508.909912 0.000000 0.964127 0.000000 -0.265441 1.050304 1.050304 1.050304
4299.516113 0.000000 3511.376953 0.000000 0.679259 0.000000 -0.733899 1.111092 1.111092 1.111092
4296.030762 0.000000 3516.928223 0.000000 0.720257 0.000000 -0.693707 1.091868 1.091868 1.091868
4299.796387 0.000000 3515.384033 0.000000 0.206422 0.000000 -0.978463 1.176930 1.176930 1.176930
4304.198242 0.000000 3507.573975 0.000000 0.388859 0.000000 -0.921297 1.225184 1.225184 1.225184
4305.751465 0.000000 3517.381592 0.000000 0.966930 0.000000 -0.255041 1.037342 1.037342 1.037342
4302.010742 0.000000 3511.903809 0.000000 0.623395 0.000000 -0.781907 1.181537 1.181537 1.181537
4303.634277 0.000000 3513.514160 0.000000 0.923309 0.000000 -0.384058 1.076760 1.076760 1.076760
4304.973145 0.000000 3511.278564 0.000000 0.968654 0.000000 -0.248413 1.062047 1.062047 1.062047
4306.382324 0.000000 3516.014648 0.000000 0.563213 0.000000 -0.826312 1.162673 1.162673 1.162673
4302.631836 0.000000 3514.047363 0.000000 0.400531 0.000000 -0.916283 1.193814 1.193814 1.193814
4305.338379 0.000000 3508.513916 0.000000 0.984211 0.000000 -0.176997 1.042645 1.042645 1.042645
4317.869629 0.000000 3550.461182 0.000000 0.988852 0.000000 -0.148900 1.006716 1.006716 1.006716
4318.475586 0.000000 3552.690186 0.000000 0.953777 0.000000 -0.300514 1.016003 1.016003 1.016003
4304.711914 0.000000 3534.187012 0.000000 0.640041 0.000000 -0.768340 1.078753 1.078753 1.078753
4302.242188 0.000000 3528.209961 0.000000 0.100787 0.000000 -0.994908 1.095408 1.095408 1.095408
4297.350586 0.000000 3521.145020 0.000000 0.998170 0.000000 0.060467 0.993052 0.993052 0.993052
4297.232422 0.000000 3552.417236 0.000000 0.981512 0.000000 -0.191401 1.014905 1.014905 1.014905
4301.458984 0.000000 3556.296143 0.000000 0.279340 0.000000 -0.960192 1.099658 1.099658 1.099658
4302.968750 0.000000 3540.260498 0.000000 0.996867 0.000000 -0.079094 1.010872 1.010872 1.010872
4306.418457 0.000000 3536.525879 0.000000 0.091728 0.000000 -0.995784 1.184612 1.184612 1.184612
4327.066406 0.000000 3538.490967 0.000000 0.696628 0.000000 -0.717432 1.093883 1.093883 1.093883
4302.056641 0.000000 3545.437500 0.000000 0.976868 0.000000 -0.213842 1.034971 1.034971 1.034971
4296.291504 0.000000 3554.843018 0.000000 0.896837 0.000000 -0.442362 1.046904 1.046904 1.046904
4299.307617 0.000000 3553.932373 0.000000 0.993828 0.000000 -0.110931 1.018316 1.018316 1.018316
4311.703613 0.000000 3525.771240 0.000000 0.240010 0.000000 -0.970770 1.135975 1.135975 1.135975
4309.922852 0.000000 3531.850586 0.000000 0.073585 0.000000 -0.997289 1.190622 1.190622 1.190622
4299.186035 0.000000 3555.460693 0.000000 0.287851 0.000000 -0.957675 1.185172 1.185172 1.185172
4327.511230 0.000000 3540.196777 0.000000 0.534221 0.000000 -0.845345 1.133271 1.133271 1.133271
4304.946777 0.000000 3549.476562 0.000000 0.028963 0.000000 -0.999581 1.227106 1.227106 1.227106
4299.467773 0.000000 3547.347168 0.000000 0.981915 0.000000 -0.189324 1.019497 1.019497 1.019497
4311.691895 0.000000 3533.708496 0.000000 0.445769 0.000000 -0.895148 1.190997 1.190997 1.190997
4301.759277 0.000000 3549.279541 0.000000 0.332473 0.000000 -0.943113 1.218355 1.218355 1.218355
4304.465332 0.000000 3540.788574 0.000000 0.938752 0.000000 -0.344593 1.043915 1.043915 1.043915
4330.605957 0.000000 3582.376953 0.000000 0.883011 0.000000 -0.469353 1.064645 1.064645 1.064645
4308.489258 0.000000 3527.478516 0.000000 0.226534 0.000000 -0.974003 1.154149 1.154149 1.154149
4307.120117 0.000000 3531.773438 0.000000 0.059511 0.000000 -0.998228 1.173554 1.173554 1.173554
4307.720703 0.000000 3529.492920 0.000000 0.779332 0.000000 -0.626611 1.081151 1.081151 1.081151
4301.081543 0.000000 3521.885498 0.000000 0.429687 0.000000 -0.902978 1.163139 1.163139 1.163139
4302.613770 0.000000 3550.311035 0.000000 0.957492 0.000000 -0.288460 1.043102 1.043102 1.043102
4300.158203 0.000000 3551.348145 0.000000 0.506480 0.000000 -0.862252 1.147953 1.147953 1.147953
4298.234375 0.000000 3551.430908 0.000000 0.338408 0.000000 -0.941000 1.198880 1.198880 1.198880
4310.795898 0.000000 3534.629395 0.000000 0.033986 0.000000 -0.999422 1.222529 1.222529 1.222529
4302.988770 0.000000 3544.550049 0.000000 0.536268 0.000000 -0.844047 1.163052 1.163052 1.163052
4298.302246 0.000000 3553.104248 0.000000 0.851535 0.000000 -0.524297 1.090936 1.090936 1.090936
4300.734863 0.000000 3547.585449 0.000000 0.427456 0.000000 -0.904036 1.205780 1.205780 1.205780
4307.114746 0.000000 3521.719482 0.000000 0.473661 0.000000 -0.880707 1.172138 1.172138 1.172138
4328.760254 0.000000 3582.034668 0.000000 0.999597 0.000000 -0.028404 1.004043 1.004043 1.004043
4302.889160 0.000000 3521.507080 0.000000 0.848093 0.000000 -0.529847 1.103165 1.103165 1.103165
4301.165527 0.000000 3527.577881 0.000000 0.729915 0.000000 -0.683538 1.170980 1.170980 1.170980
4304.832031 0.000000 3521.873779 0.000000 0.997219 0.000000 0.074521 0.987337 0.987337 0.987337
4301.725098 0.000000 3546.653320 0.000000 0.521915 0.000000 -0.852998 1.186203 1.186203 1.186203
4300.304199 0.000000 3549.902344 0.000000 0.388377 0.000000 -0.921501 1.207730 1.207730 1.207730
4323.939453 0.000000 3583.041992 0.000000 0.996628 0.000000 0.082056 0.984413 0.984413 0.984413
4304.528320 0.000000 3546.497070 0.000000 0.567183 0.000000 -0.823592 1.149789 1.149789 1.149789
4306.594238 0.000000 3542.867432 0.000000 0.131265 0.000000 -0.991347 1.255097 1.255097 1.255097
4307.952148 0.000000 3519.209961 0.000000 0.695239 0.000000 -0.718779 1.136159 1.136159 1.136159
4308.871582 0.000000 3537.983154 0.000000 0.605268 0.000000 -0.796021 1.172392 1.172392 1.172392
4304.948730 0.000000 3523.430664 0.000000 0.982676 0.000000 -0.185329 1.060964 1.060964 1.060964
4303.691895 0.000000 3522.003906 0.000000 0.999518 0.000000 -0.031033 1.010693 1.010693 1.010693
4303.963867 0.000000 3525.714355 0.000000 0.393020 0.000000 -0.919530 1.524372 1.524372 1.524372
4302.458008 0.000000 3523.636719 0.000000 0.924676 0.000000 -0.380756 1.134576 1.134576 1.134576
4302.816895 0.000000 3524.586182 0.000000 0.583270 0.000000 -0.812278 1.426032 1.426032 1.426032
4402.127930 0.000000 3553.963379 0.000000 0.008525 0.000000 -0.999964 1.093607 1.093607 1.093607
4390.617676 0.000000 3525.587402 0.000000 0.895893 0.000000 -0.444270 1.045972 1.045972 1.045972
4409.014160 0.000000 3546.425781 0.000000 0.067755 0.000000 -0.997702 1.176357 1.176357 1.176357
4413.726074 0.000000 3541.616943 0.000000 0.194410 0.000000 -0.980920 1.168222 1.168222 1.168222
4411.064453 0.000000 3555.906250 0.000000 0.588909 0.000000 -0.808200 1.110425 1.110425 1.110425
4388.190430 0.000000 3523.241699 0.000000 0.197747 0.000000 -0.980253 1.123286 1.123286 1.123286
4414.509277 0.000000 3539.476562 0.000000 0.243625 0.000000 -0.969869 1.112444 1.112444 1.112444
4414.841309 0.000000 3547.981201 0.000000 0.931166 0.000000 -0.364596 1.042859 1.042859 1.042859
4391.269531 0.000000 3520.870605 0.000000 0.316929 0.000000 -0.948449 1.137124 1.137124 1.137124
4412.350586 0.000000 3546.376465 0.000000 0.996088 0.000000 -0.088368 1.010824 1.010824 1.010824
4411.201172 0.000000 3540.894531 0.000000 0.496701 0.000000 -0.867922 1.110203 1.110203 1.110203
4414.934082 0.000000 3544.984131 0.000000 0.876365 0.000000 -0.481648 1.062730 1.062730 1.062730
4414.047852 0.000000 3554.708984 0.000000 0.999948 0.000000 0.010193 0.998906 0.998906 0.998906
4413.163574 0.000000 3550.788086 0.000000 0.988662 0.000000 -0.150158 1.019191 1.019191 1.019191
4414.477051 0.000000 3552.073730 0.000000 0.274035 0.000000 -0.961720 1.174342 1.174342 1.174342
4409.756836 0.000000 3555.678467 0.000000 0.389687 0.000000 -0.920947 1.172411 1.172411 1.172411
4404.360840 0.000000 3555.544922 0.000000 0.707405 0.000000 -0.706808 1.111705 1.111705 1.111705
4405.685059 0.000000 3557.345459 0.000000 0.951742 0.000000 -0.306899 1.046725 1.046725 1.046725
4419.877930 0.000000 3552.157715 0.000000 0.875564 0.000000 -0.483102 1.008811 1.008811 1.008811
4421.756348 0.000000 3552.705566 0.000000 0.618280 0.000000 -0.785958 1.063210 1.063210 1.063210
4416.185059 0.000000 3551.695068 0.000000 0.994926 0.000000 -0.100609 1.011825 1.011825 1.011825
4421.436035 0.000000 3557.954346 0.000000 0.567076 0.000000 -0.823665 1.219881 1.219881 1.219881
4420.236816 0.000000 3554.687500 0.000000 0.949526 0.000000 -0.313688 1.071693 1.071693 1.071693
4154.940918 0.000000 3621.745605 0.000000 0.907875 0.000000 -0.419240 1.011880 1.011880 1.011880
4157.377441 0.000000 3628.597656 0.000000 0.533460 0.000000 -0.845825 1.057886 1.057886 1.057886
4156.020996 0.000000 3623.143799 0.000000 0.971741 0.000000 -0.236048 1.024392 1.024392 1.024392
4156.187988 0.000000 3616.700195 0.000000 0.005942 0.000000 -0.999982 1.386767 1.386767 1.386767
4166.317383 0.000000 3598.028564 0.000000 0.875382 0.000000 -0.483432 1.005039 1.005039 1.005039
4171.551270 0.000000 3628.779053 0.000000 0.681693 0.000000 -0.731638 1.016392 1.016392 1.016392
4167.930176 0.000000 3623.050537 0.000000 0.990753 0.000000 -0.135680 1.004077 1.004077 1.004077
4162.300781 0.000000 3623.067139 0.000000 0.933823 0.000000 -0.357736 1.012787 1.012787 1.012787
4192.632324 0.000000 3641.531006 0.000000 0.522333 0.000000 -0.852741 1.043342 1.043342 1.043342
4159.542480 0.000000 3611.108643 0.000000 0.890331 0.000000 -0.455314 1.020063 1.020063 1.020063
4170.638672 0.000000 3631.625000 0.000000 0.819479 0.000000 -0.573109 1.022854 1.022854 1.022854
4169.291992 0.000000 3614.539062 0.000000 0.722529 0.000000 -0.691340 1.038114 1.038114 1.038114
4169.887695 0.000000 3618.588867 0.000000 0.879027 0.000000 -0.476771 1.028537 1.028537 1.028537
4189.937500 0.000000 3634.042480 0.000000 0.878726 0.000000 -0.477327 1.033542 1.033542 1.033542
4192.982422 0.000000 3637.093750 0.000000 0.652950 0.000000 -0.757401 1.042907 1.042907 1.042907
4187.257812 0.000000 3622.587158 0.000000 0.996599 0.000000 0.082407 0.995881 0.995881 0.995881
4168.990234 0.000000 3624.867920 0.000000 0.161529 0.000000 -0.986868 1.126595 1.126595 1.126595
4166.985840 0.000000 3624.792236 0.000000 0.019292 0.000000 -0.999814 1.139442 1.139442 1.139442
4195.123535 0.000000 3630.260010 0.000000 0.418317 0.000000 -0.908301 1.091011 1.091011 1.091011
4197.188477 0.000000 3630.820312 0.000000 0.997053 0.000000 0.076717 0.991181 0.991181 0.991181
4199.952637 0.000000 3634.389648 0.000000 0.849496 0.000000 -0.527595 1.054112 1.054112 1.054112
4165.240234 0.000000 3629.455322 0.000000 0.480960 0.000000 -0.876742 1.125440 1.125440 1.125440
4186.727051 0.000000 3636.673828 0.000000 0.988519 0.000000 -0.151098 1.017040 1.017040 1.017040
4163.784180 0.000000 3619.612793 0.000000 0.498424 0.000000 -0.866934 1.104757 1.104757 1.104757
4187.166992 0.000000 3639.920410 0.000000 0.786510 0.000000 -0.617577 1.064812 1.064812 1.064812
4165.876953 0.000000 3626.163330 0.000000 0.411786 0.000000 -0.911281 1.111618 1.111618 1.111618
4161.673340 0.000000 3630.283691 0.000000 0.920658 0.000000 -0.390369 1.039047 1.039047 1.039047
4164.060059 0.000000 3622.861084 0.000000 0.010878 0.000000 -0.999941 1.190826 1.190826 1.190826
4169.806641 0.000000 3633.181396 0.000000 0.678844 0.000000 -0.734282 1.061760 1.061760 1.061760
4191.846191 0.000000 3645.023926 0.000000 0.132754 0.000000 -0.991149 1.122031 1.122031 1.122031
4161.521484 0.000000 3608.123047 0.000000 0.542777 0.000000 -0.839877 1.077165 1.077165 1.077165
4160.498535 0.000000 3609.550781 0.000000 0.106789 0.000000 -0.994282 1.113288 1.113288 1.113288
4180.392090 0.000000 3646.151123 0.000000 0.527053 0.000000 -0.849832 1.141997 1.141997 1.141997
4169.474609 0.000000 3609.462646 0.000000 0.300510 0.000000 -0.953779 1.148499 1.148499 1.148499
4160.743164 0.000000 3618.736328 0.000000 0.826500 0.000000 -0.562937 1.074639 1.074639 1.074639
4167.372070 0.000000 3631.609863 0.000000 0.176754 0.000000 -0.984255 1.194766 1.194766 1.194766
4197.204102 0.000000 3632.387451 0.000000 0.467220 0.000000 -0.884141 1.113731 1.113731 1.113731
4160.230957 0.000000 3630.933594 0.000000 0.550952 0.000000 -0.834537 1.096128 1.096128 1.096128
4167.663574 0.000000 3628.135986 0.000000 0.716451 0.000000 -0.697637 1.090596 1.090596 1.090596
4169.148926 0.000000 3626.289795 0.000000 0.698245 0.000000 -0.715859 1.091626 1.091626 1.091626
4164.404785 0.000000 3631.719482 0.000000 0.962023 0.000000 -0.272968 1.042104 1.042104 1.042104
4163.531738 0.000000 3606.595947 0.000000 0.900771 0.000000 -0.434295 1.094213 1.094213 1.094213
4162.041504 0.000000 3605.008789 0.000000 0.977488 0.000000 -0.210991 1.041928 1.041928 1.041928
4162.196289 0.000000 3613.873047 0.000000 0.841567 0.000000 -0.540153 1.079776 1.079776 1.079776
4164.942383 0.000000 3630.637695 0.000000 0.341478 0.000000 -0.939890 1.186145 1.186145 1.186145
4161.297852 0.000000 3617.668945 0.000000 0.796319 0.000000 -0.604877 1.191371 1.191371 1.191371
4163.164551 0.000000 3616.917969 0.000000 0.888544 0.000000 -0.458792 1.115424 1.115424 1.115424
4161.394531 0.000000 3612.152100 0.000000 0.791996 0.000000 -0.610527 1.152478 1.152478 1.152478
4159.699707 0.000000 3613.222412 0.000000 0.966365 0.000000 -0.257174 1.061688 1.061688 1.061688
4160.554199 0.000000 3614.826904 0.000000 0.711051 0.000000 -0.703140 1.239459 1.239459 1.239459
4189.636719 0.000000 3651.763428 0.000000 0.444671 0.000000 -0.895694 1.055423 1.055423 1.055423
4191.857910 0.000000 3650.962158 0.000000 0.441025 0.000000 -0.897495 1.086220 1.086220 1.086220
4193.875977 0.000000 3649.131836 0.000000 0.490462 0.000000 -0.871463 1.116239 1.116239 1.116239
4190.240723 0.000000 3650.107910 0.000000 0.162421 0.000000 -0.986722 1.108943 1.108943 1.108943
4185.523926 0.000000 3659.977051 0.000000 0.562897 0.000000 -0.826527 1.136019 1.136019 1.136019
4193.197754 0.000000 3651.829102 0.000000 0.643264 0.000000 -0.765645 1.082730 1.082730 1.082730
4187.061035 0.000000 3660.200195 0.000000 0.102105 0.000000 -0.994774 1.241970 1.241970 1.241970
4335.330078 0.000000 3591.999268 0.000000 0.501362 0.000000 -0.865238 1.010442 1.010442 1.010442
4331.575195 0.000000 3603.466553 0.000000 0.976732 0.000000 -0.214462 1.018886 1.018886 1.018886
4335.487305 0.000000 3599.098877 0.000000 0.861721 0.000000 -0.507383 1.077055 1.077055 1.077055
4333.352539 0.000000 3598.915771 0.000000 0.286999 0.000000 -0.957931 1.169327 1.169327 1.169327
4330.470215 0.000000 3595.380859 0.000000 0.972145 0.000000 -0.234378 1.031303 1.031303 1.031303
4330.640137 0.000000 3599.853516 0.000000 0.986947 0.000000 -0.161044 1.018979 1.018979 1.018979
4333.167969 0.000000 3594.593994 0.000000 0.785309 0.000000 -0.619104 1.078335 1.078335 1.078335
4330.126465 0.000000 3598.372559 0.000000 0.831254 0.000000 -0.555893 1.069163 1.069163 1.069163
4329.314453 0.000000 3592.123535 0.000000 0.988444 0.000000 -0.151584 1.017475 1.017475 1.017475
4335.535645 0.000000 3596.483643 0.000000 0.938857 0.000000 -0.344307 1.038612 1.038612 1.038612
4323.803711 0.000000 3590.012451 0.000000 0.958761 0.000000 -0.284213 1.029498 1.029498 1.029498
4332.088867 0.000000 3591.582031 0.000000 0.999966 0.000000 -0.008235 1.000966 1.000966 1.000966
4331.932617 0.000000 3587.220703 0.000000 0.995552 0.000000 -0.094211 1.019786 1.019786 1.019786
4324.244629 0.000000 3593.896729 0.000000 0.355259 0.000000 -0.934768 1.238173 1.238173 1.238173
4325.380859 0.000000 3586.904297 0.000000 0.380754 0.000000 -0.924676 1.256336 1.256336 1.256336
4329.337402 0.000000 3588.167725 0.000000 0.314587 0.000000 -0.949229 1.218583 1.218583 1.218583
4326.091309 0.000000 3588.519043 0.000000 0.998570 0.000000 0.053459 0.987849 0.987849 0.987849
4327.829590 0.000000 3589.557861 0.000000 0.999978 0.000000 0.006615 0.998497 0.998497 0.998497
4331.855469 0.000000 3588.395020 0.000000 0.558201 0.000000 -0.829706 1.202775 1.202775 1.202775
4326.745605 0.000000 3585.892578 0.000000 0.397730 0.000000 -0.917503 1.223329 1.223329 1.223329
4322.314941 0.000000 3587.901611 0.000000 0.377361 0.000000 -0.926066 1.209844 1.209844 1.209844
4325.226562 0.000000 3591.915527 0.000000 0.200445 0.000000 -0.979705 1.276837 1.276837 1.276837
4323.937012 0.000000 3583.185059 0.000000 0.033807 0.000000 -0.999428 1.291623 1.291623 1.291623
4322.965332 0.000000 3584.803467 0.000000 0.171446 0.000000 -0.985194 1.282805 1.282805 1.282805
4324.678223 0.000000 3586.065918 0.000000 0.899815 0.000000 -0.436272 1.098055 1.098055 1.098055
4325.504395 0.000000 3589.818848 0.000000 0.136442 0.000000 -0.990648 1.318608 1.318608 1.318608
4324.905762 0.000000 3584.851562 0.000000 0.428152 0.000000 -0.903707 1.242260 1.242260 1.242260
4322.701660 0.000000 3585.824463 0.000000 0.960591 0.000000 -0.277967 1.056961 1.056961 1.056961
4330.420410 0.000000 3589.003906 0.000000 0.383947 0.000000 -0.923355 1.243834 1.243834 1.243834
4288.776855 0.000000 3703.655273 0.000000 0.813050 0.000000 -0.582194 1.012411 1.012411 1.012411
4348.090820 0.000000 3659.553467 0.000000 0.455714 0.000000 -0.890126 1.060286 1.060286 1.060286
4344.185547 0.000000 3663.014160 0.000000 0.892898 0.000000 -0.450260 1.027985 1.027985 1.027985
4317.921875 0.000000 3698.026855 0.000000 0.157732 0.000000 -0.987482 1.112836 1.112836 1.112836
4344.380859 0.000000 3658.749756 0.000000 0.918214 0.000000 -0.396085 1.021351 1.021351 1.021351
4325.548828 0.000000 3685.272217 0.000000 0.864579 0.000000 -0.502497 1.047318 1.047318 1.047318
4345.003906 0.000000 3653.435547 0.000000 0.991217 0.000000 -0.132247 1.012252 1.012252 1.012252
4313.793457 0.000000 3682.085938 0.000000 0.993845 0.000000 -0.110778 1.011085 1.011085 1.011085
4316.035645 0.000000 3697.613525 0.000000 0.997112 0.000000 0.075941 0.993358 0.993358 0.993358
4317.529785 0.000000 3701.400391 0.000000 0.618285 0.000000 -0.785954 1.067724 1.067724 1.067724
4320.637207 0.000000 3703.552246 0.000000 0.930296 0.000000 -0.366809 1.026254 1.026254 1.026254
4312.693359 0.000000 3688.390137 0.000000 0.238859 0.000000 -0.971054 1.156013 1.156013 1.156013
4308.886230 0.000000 3685.720947 0.000000 0.035899 0.000000 -0.999355 1.157109 1.157109 1.157109
4294.702637 0.000000 3706.419678 0.000000 0.989334 0.000000 -0.145663 1.017518 1.017518 1.017518
4294.531738 0.000000 3698.009277 0.000000 0.170939 0.000000 -0.985282 1.174635 1.174635 1.174635
4322.568359 0.000000 3697.445312 0.000000 0.630802 0.000000 -0.775944 1.113091 1.113091 1.113091
4319.940918 0.000000 3695.280518 0.000000 0.830256 0.000000 -0.557382 1.075278 1.075278 1.075278
4314.597168 0.000000 3698.616455 0.000000 0.324564 0.000000 -0.945864 1.099083 1.099083 1.099083
4298.920410 0.000000 3710.129883 0.000000 0.996210 0.000000 -0.086981 1.007610 1.007610 1.007610
4291.157227 0.000000 3706.713135 0.000000 0.720118 0.000000 -0.693852 1.095721 1.095721 1.095721
4294.555664 0.000000 3701.378174 0.000000 0.787522 0.000000 -0.616287 1.086203 1.086203 1.086203
4293.240234 0.000000 3709.291260 0.000000 0.562799 0.000000 -0.826594 1.131177 1.131177 1.131177
4345.141602 0.000000 3656.609863 0.000000 0.852215 0.000000 -0.523193 1.050859 1.050859 1.050859
4322.346191 0.000000 3692.780273 0.000000 0.572172 0.000000 -0.820133 1.115238 1.115238 1.115238
4347.208984 0.000000 3668.863281 0.000000 0.671096 0.000000 -0.741371 1.095905 1.095905 1.095905
4310.418457 0.000000 3702.612549 0.000000 0.363157 0.000000 -0.931728 1.164654 1.164654 1.164654
4319.193359 0.000000 3697.001465 0.000000 0.808874 0.000000 -0.587982 1.078462 1.078462 1.078462
4314.549805 0.000000 3694.935059 0.000000 0.209057 0.000000 -0.977904 1.156205 1.156205 1.156205
4347.761230 0.000000 3664.134277 0.000000 0.829241 0.000000 -0.558891 1.094757 1.094757 1.094757
4312.180664 0.000000 3694.031006 0.000000 0.998432 0.000000 0.055973 0.992590 0.992590 0.992590
4319.491699 0.000000 3701.587646 0.000000 0.333128 0.000000 -0.942882 1.153685 1.153685 1.153685
4313.313965 0.000000 3701.352295 0.000000 0.837950 0.000000 -0.545747 1.083590 1.083590 1.083590
4296.074219 0.000000 3698.538574 0.000000 0.444490 0.000000 -0.895784 1.127496 1.127496 1.127496
4314.709961 0.000000 3683.346924 0.000000 0.997064 0.000000 0.076567 0.990816 0.990816 0.990816
4296.522461 0.000000 3700.260742 0.000000 0.971243 0.000000 -0.238090 1.029408 1.029408 1.029408
4316.125977 0.000000 3687.821289 0.000000 0.116018 0.000000 -0.993247 1.177932 1.177932 1.177932
4325.188477 0.000000 3696.371826 0.000000 0.445575 0.000000 -0.895244 1.119051 1.119051 1.119051
4320.832031 0.000000 3686.452393 0.000000 0.831959 0.000000 -0.554837 1.101319 1.101319 1.101319
4312.376953 0.000000 3685.256104 0.000000 0.957659 0.000000 -0.287904 1.034267 1.034267 1.034267
4297.504883 0.000000 3710.542725 0.000000 0.988626 0.000000 -0.150393 1.021483 1.021483 1.021483
4308.945312 0.000000 3699.910645 0.000000 0.805062 0.000000 -0.593191 1.063414 1.063414 1.063414
4318.333984 0.000000 3688.065430 0.000000 0.458624 0.000000 -0.888631 1.131141 1.131141 1.131141
4308.349609 0.000000 3684.357910 0.000000 0.976209 0.000000 -0.216832 1.022372 1.022372 1.022372
4322.533203 0.000000 3687.376709 0.000000 0.642905 0.000000 -0.765946 1.121983 1.121983 1.121983
4349.879883 0.000000 3662.153320 0.000000 0.420808 0.000000 -0.907150 1.161722 1.161722 1.161722
4316.851074 0.000000 3691.913330 0.000000 0.956828 0.000000 -0.290653 1.036813 1.036813 1.036813
4291.001465 0.000000 3699.741943 0.000000 0.670138 0.000000 -0.742237 1.121111 1.121111 1.121111
4297.822266 0.000000 3705.534668 0.000000 0.857255 0.000000 -0.514893 1.075619 1.075619 1.075619
4341.066895 0.000000 3659.284424 0.000000 0.695993 0.000000 -0.718049 1.137981 1.137981 1.137981
4311.437012 0.000000 3684.086914 0.000000 0.973894 0.000000 -0.227005 1.028014 1.028014 1.028014
4311.193359 0.000000 3688.861328 0.000000 0.659112 0.000000 -0.752044 1.116873 1.116873 1.116873
4342.948730 0.000000 3662.190674 0.000000 0.450879 0.000000 -0.892585 1.184505 1.184505 1.184505
4311.548340 0.000000 3686.692383 0.000000 0.974984 0.000000 -0.222276 1.027980 1.027980 1.027980
4316.944824 0.000000 3690.498779 0.000000 0.935792 0.000000 -0.352553 1.044975 1.044975 1.044975
4343.155273 0.000000 3659.386475 0.000000 0.733745 0.000000 -0.679425 1.113757 1.113757 1.113757
4342.260742 0.000000 3666.338135 0.000000 0.990243 0.000000 -0.139350 1.025130 1.025130 1.025130
4315.720703 0.000000 3689.557373 0.000000 0.354273 0.000000 -0.935142 1.159926 1.159926 1.159926
4309.199219 0.000000 3688.124023 0.000000 0.999893 0.000000 0.014622 0.998284 0.998284 0.998284
4326.105957 0.000000 3689.958252 0.000000 0.792431 0.000000 -0.609962 1.078613 1.078613 1.078613
4347.659180 0.000000 3667.398438 0.000000 0.638363 0.000000 -0.769735 1.179829 1.179829 1.179829
4290.092285 0.000000 3707.452637 0.000000 0.652312 0.000000 -0.757951 1.107372 1.107372 1.107372
4290.399902 0.000000 3709.607910 0.000000 0.523927 0.000000 -0.851763 1.129786 1.129786 1.129786
4297.413574 0.000000 3706.810059 0.000000 0.742946 0.000000 -0.669351 1.104356 1.104356 1.104356
4320.252441 0.000000 3693.235107 0.000000 0.987490 0.000000 -0.157680 1.022137 1.022137 1.022137
4291.612793 0.000000 3697.701172 0.000000 0.989628 0.000000 -0.143657 1.019794 1.019794 1.019794
4325.786621 0.000000 3692.414062 0.000000 0.947037 0.000000 -0.321124 1.048154 1.048154 1.048154
4341.376465 0.000000 3657.319580 0.000000 0.857733 0.000000 -0.514095 1.080881 1.080881 1.080881
4342.299805 0.000000 3665.118652 0.000000 0.574056 0.000000 -0.818816 1.165259 1.165259 1.165259
4293.997070 0.000000 3707.465332 0.000000 0.002585 0.000000 -0.999997 1.227077 1.227077 1.227077
4293.771484 0.000000 3700.478760 0.000000 0.998557 0.000000 0.053706 0.991147 0.991147 0.991147
4349.930664 0.000000 3668.474854 0.000000 0.376496 0.000000 -0.926418 1.242546 1.242546 1.242546
4341.864746 0.000000 3668.108398 0.000000 0.664817 0.000000 -0.747006 1.157947 1.157947 1.157947
4351.080078 0.000000 3666.525391 0.000000 0.586075 0.000000 -0.810257 1.200448 1.200448 1.200448
4348.315430 0.000000 3666.612549 0.000000 0.180107 0.000000 -0.983647 1.357354 1.357354 1.357354
4348.934082 0.000000 3665.771484 0.000000 0.846143 0.000000 -0.532956 1.148748 1.148748 1.148748
4162.978027 0.000000 3836.379639 0.000000 0.751722 0.000000 -0.659480 1.017978 1.017978 1.017978
4292.841309 0.000000 3717.122559 0.000000 0.594964 0.000000 -0.803753 1.076914 1.076914 1.076914
4289.706055 0.000000 3712.123779 0.000000 0.627900 0.000000 -0.778294 1.080164 1.080164 1.080164
4296.697266 0.000000 3711.235352 0.000000 0.785645 0.000000 -0.618678 1.094925 1.094925 1.094925
4290.792969 0.000000 3711.173340 0.000000 0.996769 0.000000 0.080327 0.989561 0.989561 0.989561
4291.480469 0.000000 3713.663574 0.000000 0.718044 0.000000 -0.695997 1.101859 1.101859 1.101859
4293.336426 0.000000 3714.702393 0.000000 0.898940 0.000000 -0.438071 1.054339 1.054339 1.054339
4407.458984 0.000000 3643.426025 0.000000 0.202928 0.000000 -0.979194 1.057994 1.057994 1.057994
4401.294434 0.000000 3640.064453 0.000000 0.999574 0.000000 0.029200 0.998615 0.998615 0.998615
4393.790527 0.000000 3645.208252 0.000000 0.999988 0.000000 -0.004883 1.000366 1.000366 1.000366
4397.434082 0.000000 3645.212646 0.000000 0.073241 0.000000 -0.997314 1.171974 1.171974 1.171974
4396.077637 0.000000 3644.385254 0.000000 0.032167 0.000000 -0.999483 1.176697 1.176697 1.176697
4405.149414 0.000000 3641.115967 0.000000 0.999882 0.000000 0.015381 0.997773 0.997773 0.997773
4394.957031 0.000000 3644.936035 0.000000 0.943352 0.000000 -0.331794 1.051505 1.051505 1.051505
4396.760742 0.000000 3646.791748 0.000000 0.999989 0.000000 0.004708 0.998860 0.998860 0.998860
4398.789551 0.000000 3646.288574 0.000000 0.124245 0.000000 -0.992252 1.317731 1.317731 1.317731
4401.653320 0.000000 3646.450195 0.000000 0.246827 0.000000 -0.969060 1.458549 1.458549 1.458549
4438.470215 0.000000 3623.664307 0.000000 0.385984 0.000000 -0.922505 1.029323 1.029323 1.029323
4427.969727 0.000000 3636.014404 0.000000 0.129413 0.000000 -0.991591 1.039573 1.039573 1.039573
4421.987305 0.000000 3639.005127 0.000000 0.199361 0.000000 -0.979926 1.068410 1.068410 1.068410
4440.987305 0.000000 3622.606201 0.000000 0.997713 0.000000 0.067596 0.997129 0.997129 0.997129
4454.258301 0.000000 3614.199951 0.000000 0.320305 0.000000 -0.947314 1.074582 1.074582 1.074582
4436.645020 0.000000 3625.481201 0.000000 0.999181 0.000000 -0.040460 1.001516 1.001516 1.001516
4444.977051 0.000000 3625.047607 0.000000 0.999993 0.000000 -0.003731 1.000140 1.000140 1.000140
4454.994141 0.000000 3616.426514 0.000000 0.979554 0.000000 -0.201182 1.016183 1.016183 1.016183
4441.551758 0.000000 3627.312988 0.000000 0.903904 0.000000 -0.427735 1.039724 1.039724 1.039724
4435.528809 0.000000 3626.937500 0.000000 0.750614 0.000000 -0.660742 1.046853 1.046853 1.046853
4425.775391 0.000000 3633.181396 0.000000 0.468663 0.000000 -0.883377 1.089226 1.089226 1.089226
4452.656738 0.000000 3614.609375 0.000000 0.188416 0.000000 -0.982089 1.193108 1.193108 1.193108
4430.959473 0.000000 3632.971680 0.000000 0.462035 0.000000 -0.886862 1.168795 1.168795 1.168795
4444.110352 0.000000 3623.836914 0.000000 0.709824 0.000000 -0.704379 1.097558 1.097558 1.097558
4430.082031 0.000000 3631.614746 0.000000 0.927704 0.000000 -0.373317 1.076411 1.076411 1.076411
4447.236816 0.000000 3618.232422 0.000000 0.984656 0.000000 -0.174509 1.025399 1.025399 1.025399
4426.320801 0.000000 3628.080322 0.000000 0.501806 0.000000 -0.864980 1.211343 1.211343 1.211343
4430.126953 0.000000 3633.851562 0.000000 0.379594 0.000000 -0.925153 1.182870 1.182870 1.182870
4428.947266 0.000000 3631.628662 0.000000 0.894237 0.000000 -0.447595 1.117017 1.117017 1.117017
4426.886719 0.000000 3632.739746 0.000000 0.598348 0.000000 -0.801237 1.218098 1.218098 1.218098
4430.299316 0.000000 3629.200439 0.000000 0.701900 0.000000 -0.712276 1.138537 1.138537 1.138537
4428.363281 0.000000 3629.786377 0.000000 0.998292 0.000000 0.058426 0.986281 0.986281 0.986281
4373.043457 0.000000 3647.463379 0.000000 0.740157 0.000000 -0.672434 1.001841 1.001841 1.001841
4358.257324 0.000000 3651.796875 0.000000 0.399369 0.000000 -0.916790 1.008688 1.008688 1.008688
4366.625000 0.000000 3661.738770 0.000000 0.106637 0.000000 -0.994298 1.032894 1.032894 1.032894
4354.814453 0.000000 3660.172119 0.000000 0.972100 0.000000 -0.234566 1.004729 1.004729 1.004729
4355.702637 0.000000 3663.003418 0.000000 0.032530 0.000000 -0.999471 1.057605 1.057605 1.057605
4372.674805 0.000000 3652.976807 0.000000 0.464642 0.000000 -0.885499 1.070594 1.070594 1.070594
4399.171387 0.000000 3651.014404 0.000000 0.941168 0.000000 -0.337940 1.018073 1.018073 1.018073
4358.979980 0.000000 3656.582031 0.000000 0.933568 0.000000 -0.358400 1.016472 1.016472 1.016472
4394.661133 0.000000 3652.019287 0.000000 0.470641 0.000000 -0.882325 1.056663 1.056663 1.056663
4388.207520 0.000000 3656.459961 0.000000 0.703752 0.000000 -0.710446 1.037479 1.037479 1.037479
4369.359375 0.000000 3655.283447 0.000000 0.790156 0.000000 -0.612906 1.067529 1.067529 1.067529
4367.977539 0.000000 3648.948486 0.000000 0.354538 0.000000 -0.935042 1.096537 1.096537 1.096537
4368.366699 0.000000 3652.702881 0.000000 0.573201 0.000000 -0.819414 1.083918 1.083918 1.083918
4372.119141 0.000000 3648.964111 0.000000 0.999631 0.000000 0.027156 0.997966 0.997966 0.997966
4373.525879 0.000000 3651.456299 0.000000 0.984100 0.000000 -0.177618 1.013374 1.013374 1.013374
4361.823730 0.000000 3652.629395 0.000000 0.684466 0.000000 -0.729045 1.106054 1.106054 1.106054
4359.746582 0.000000 3662.798828 0.000000 0.589305 0.000000 -0.807911 1.126805 1.126805 1.126805
4362.126953 0.000000 3663.753662 0.000000 0.026472 0.000000 -0.999650 1.200485 1.200485 1.200485
4375.695801 0.000000 3653.739990 0.000000 0.820824 0.000000 -0.571181 1.091066 1.091066 1.091066
4357.033203 0.000000 3663.905518 0.000000 0.996415 0.000000 -0.084602 1.009305 1.009305 1.009305
4369.230957 0.000000 3658.981689 0.000000 0.816381 0.000000 -0.577514 1.076854 1.076854 1.076854
4387.795898 0.000000 3653.996826 0.000000 0.195012 0.000000 -0.980801 1.178442 1.178442 1.178442
4374.063477 0.000000 3653.509033 0.000000 0.498916 0.000000 -0.866650 1.157050 1.157050 1.157050
4377.720703 0.000000 3650.182129 0.000000 0.610758 0.000000 -0.791817 1.127752 1.127752 1.127752
4364.135742 0.000000 3654.020264 0.000000 0.311932 0.000000 -0.950105 1.203424 1.203424 1.203424
4383.297363 0.000000 3654.296631 0.000000 0.284077 0.000000 -0.958801 1.240184 1.240184 1.240184
4362.356445 0.000000 3650.051270 0.000000 0.999063 0.000000 0.043271 0.993949 0.993949 0.993949
4398.584473 0.000000 3649.853516 0.000000 0.360659 0.000000 -0.932698 1.285039 1.285039 1.285039
4364.918457 0.000000 3652.953857 0.000000 0.999849 0.000000 -0.017360 1.002427 1.002427 1.002427
4360.211914 0.000000 3656.368896 0.000000 0.703345 0.000000 -0.710849 1.104624 1.104624 1.104624
4385.548340 0.000000 3655.784912 0.000000 0.982605 0.000000 -0.185707 1.045234 1.045234 1.045234
4397.956055 0.000000 3651.199463 0.000000 0.894648 0.000000 -0.446771 1.094815 1.094815 1.094815
4393.329590 0.000000 3652.152100 0.000000 0.968804 0.000000 -0.247830 1.055646 1.055646 1.055646
4391.821777 0.000000 3653.542236 0.000000 0.086106 0.000000 -0.996286 1.337276 1.337276 1.337276
4394.696289 0.000000 3650.826416 0.000000 0.786943 0.000000 -0.617026 1.149409 1.149409 1.149409
4362.839844 0.000000 3655.646484 0.000000 0.966337 0.000000 -0.257279 1.044174 1.044174 1.044174
4401.828125 0.000000 3649.799316 0.000000 0.936229 0.000000 -0.351391 1.060955 1.060955 1.060955
4382.330078 0.000000 3654.816650 0.000000 0.998049 0.000000 0.062434 0.988302 0.988302 0.988302
4399.603027 0.000000 3649.460693 0.000000 0.694421 0.000000 -0.719569 1.190492 1.190492 1.190492
4391.115723 0.000000 3652.623047 0.000000 0.728635 0.000000 -0.684902 1.171405 1.171405 1.171405
4393.905273 0.000000 3648.767090 0.000000 0.646749 0.000000 -0.762703 1.246891 1.246891 1.246891
4392.155273 0.000000 3651.342773 0.000000 0.796351 0.000000 -0.604834 1.176760 1.176760 1.176760
4351.978027 0.000000 3663.072998 0.000000 0.988857 0.000000 -0.148866 1.035066 1.035066 1.035066
4385.718750 0.000000 3654.729004 0.000000 0.613895 0.000000 -0.789388 1.220325 1.220325 1.220325
4363.671875 0.000000 3656.884277 0.000000 0.999978 0.000000 0.006671 0.998268 0.998268 0.998268
4392.745605 0.000000 3650.105713 0.000000 0.834102 0.000000 -0.551610 1.159000 1.159000 1.159000
4397.047852 0.000000 3649.230469 0.000000 0.892548 0.000000 -0.450953 1.145996 1.145996 1.145996
4452.899414 0.000000 3701.887939 0.000000 0.989566 0.000000 -0.144081 1.008302 1.008302 1.008302
4440.413086 0.000000 3695.802002 0.000000 0.998382 0.000000 -0.056871 1.004546 1.004546 1.004546
4473.058105 0.000000 3703.842285 0.000000 0.238136 0.000000 -0.971232 1.102960 1.102960 1.102960
4469.462891 0.000000 3703.787842 0.000000 0.527865 0.000000 -0.849328 1.091198 1.091198 1.091198
4472.366211 0.000000 3705.984863 0.000000 0.920887 0.000000 -0.389830 1.046988 1.046988 1.046988
4456.956543 0.000000 3707.685059 0.000000 0.971544 0.000000 -0.236858 1.019701 1.019701 1.019701
4475.538086 0.000000 3706.266602 0.000000 0.505935 0.000000 -0.862572 1.124667 1.124667 1.124667
4449.817383 0.000000 3706.530029 0.000000 0.705292 0.000000 -0.708917 1.096392 1.096392 1.096392
4452.586914 0.000000 3710.057861 0.000000 0.034324 0.000000 -0.999411 1.187957 1.187957 1.187957
4460.153320 0.000000 3700.830078 0.000000 0.645157 0.000000 -0.764050 1.115059 1.115059 1.115059
4461.426270 0.000000 3709.197021 0.000000 0.998649 0.000000 -0.051967 1.007269 1.007269 1.007269
4469.854980 0.000000 3707.717529 0.000000 0.058534 0.000000 -0.998285 1.218970 1.218970 1.218970
4461.590332 0.000000 3702.934326 0.000000 0.621687 0.000000 -0.783266 1.110086 1.110086 1.110086
4455.920410 0.000000 3701.948242 0.000000 0.931062 0.000000 -0.364860 1.066202 1.066202 1.066202
4472.559082 0.000000 3708.133545 0.000000 0.938404 0.000000 -0.345540 1.046683 1.046683 1.046683
4455.651855 0.000000 3707.435547 0.000000 0.987221 0.000000 -0.159358 1.021176 1.021176 1.021176
4462.655273 0.000000 3707.123779 0.000000 0.923403 0.000000 -0.383832 1.054092 1.054092 1.054092
4470.849121 0.000000 3708.611084 0.000000 0.950021 0.000000 -0.312187 1.057070 1.057070 1.057070
4471.489746 0.000000 3711.076416 0.000000 0.999991 0.000000 -0.004298 1.000751 1.000751 1.000751
4469.141602 0.000000 3705.100342 0.000000 0.843075 0.000000 -0.537796 1.082220 1.082220 1.082220
4470.091309 0.000000 3710.303711 0.000000 0.779956 0.000000 -0.625834 1.118172 1.118172 1.118172
4464.841309 0.000000 3708.271973 0.000000 0.926079 0.000000 -0.377329 1.057956 1.057956 1.057956
4457.334961 0.000000 3705.011719 0.000000 0.774315 0.000000 -0.632800 1.107764 1.107764 1.107764
4457.458008 0.000000 3703.800537 0.000000 0.951075 0.000000 -0.308960 1.047050 1.047050 1.047050
4462.872559 0.000000 3701.511719 0.000000 0.233536 0.000000 -0.972348 1.206652 1.206652 1.206652
4445.314453 0.000000 3708.521729 0.000000 0.506494 0.000000 -0.862244 1.210245 1.210245 1.210245
4483.255859 0.000000 3710.530029 0.000000 0.833375 0.000000 -0.552708 1.045322 1.045322 1.045322
4463.011230 0.000000 3712.521973 0.000000 0.938487 0.000000 -0.345314 1.001760 1.001760 1.001760
4459.777344 0.000000 3711.246582 0.000000 0.551416 0.000000 -0.834230 1.032025 1.032025 1.032025
4445.605469 0.000000 3715.747803 0.000000 0.989561 0.000000 -0.144116 1.006499 1.006499 1.006499
4462.652344 0.000000 3734.867432 0.000000 0.867241 0.000000 -0.497888 1.050743 1.050743 1.050743
4448.627930 0.000000 3718.909180 0.000000 0.628640 0.000000 -0.777697 1.102323 1.102323 1.102323
4451.762207 0.000000 3713.479248 0.000000 0.525022 0.000000 -0.851089 1.106748 1.106748 1.106748
4471.420898 0.000000 3721.083008 0.000000 0.966119 0.000000 -0.258096 1.022159 1.022159 1.022159
4464.110352 0.000000 3737.962891 0.000000 0.902095 0.000000 -0.431538 1.050128 1.050128 1.050128
4468.868652 0.000000 3712.423828 0.000000 0.093300 0.000000 -0.995638 1.177038 1.177038 1.177038
4447.961914 0.000000 3724.744873 0.000000 0.636202 0.000000 -0.771523 1.070401 1.070401 1.070401
4473.125977 0.000000 3720.594238 0.000000 0.927004 0.000000 -0.375052 1.051830 1.051830 1.051830
4470.803223 0.000000 3727.963867 0.000000 0.597806 0.000000 -0.801641 1.130025 1.130025 1.130025
4444.866699 0.000000 3722.885498 0.000000 0.999691 0.000000 -0.024874 1.003602 1.003602 1.003602
4449.166504 0.000000 3715.813477 0.000000 0.895928 0.000000 -0.444199 1.070096 1.070096 1.070096
4475.745605 0.000000 3728.118652 0.000000 0.251377 0.000000 -0.967889 1.164359 1.164359 1.164359
4445.977051 0.000000 3720.950684 0.000000 0.145805 0.000000 -0.989313 1.142250 1.142250 1.142250
4444.515137 0.000000 3711.297607 0.000000 0.990812 0.000000 -0.135246 1.017950 1.017950 1.017950
4464.200684 0.000000 3734.531006 0.000000 0.999904 0.000000 -0.013879 1.001767 1.001767 1.001767
4462.863770 0.000000 3731.759277 0.000000 0.930031 0.000000 -0.367481 1.038517 1.038517 1.038517
4463.810059 0.000000 3711.124023 0.000000 0.016121 0.000000 -0.999870 1.155253 1.155253 1.155253
4462.270020 0.000000 3711.159424 0.000000 0.842205 0.000000 -0.539157 1.056865 1.056865 1.056865
4467.829590 0.000000 3713.580322 0.000000 0.859872 0.000000 -0.510511 1.065542 1.065542 1.065542
4477.864258 0.000000 3726.137695 0.000000 0.997745 0.000000 0.067113 0.990610 0.990610 0.990610
4446.524902 0.000000 3712.583984 0.000000 0.084482 0.000000 -0.996425 1.237466 1.237466 1.237466
4465.390137 0.000000 3735.973145 0.000000 0.357480 0.000000 -0.933921 1.153454 1.153454 1.153454
4447.617676 0.000000 3711.504150 0.000000 0.783365 0.000000 -0.621562 1.112193 1.112193 1.112193
4475.692871 0.000000 3712.479980 0.000000 0.981383 0.000000 -0.192061 1.035222 1.035222 1.035222
4465.139648 0.000000 3729.917969 0.000000 0.999875 0.000000 -0.015829 1.002529 1.002529 1.002529
4449.036621 0.000000 3714.278809 0.000000 0.965640 0.000000 -0.259882 1.040037 1.040037 1.040037
4472.538574 0.000000 3724.134033 0.000000 0.092183 0.000000 -0.995742 1.180864 1.180864 1.180864
4477.232910 0.000000 3730.585449 0.000000 0.184906 0.000000 -0.982756 1.172863 1.172863 1.172863
4446.946289 0.000000 3723.790039 0.000000 0.990948 0.000000 -0.134247 1.017817 1.017817 1.017817
4464.324707 0.000000 3731.837402 0.000000 0.989620 0.000000 -0.143709 1.021241 1.021241 1.021241
4467.250000 0.000000 3735.047607 0.000000 0.432442 0.000000 -0.901662 1.215994 1.215994 1.215994
4467.371582 0.000000 3737.496094 0.000000 0.990936 0.000000 -0.134334 1.019174 1.019174 1.019174
4474.530762 0.000000 3720.329590 0.000000 0.880355 0.000000 -0.474316 1.078961 1.078961 1.078961
4474.088379 0.000000 3716.668701 0.000000 0.988561 0.000000 -0.150819 1.031371 1.031371 1.031371
4472.070312 0.000000 3728.338379 0.000000 0.827893 0.000000 -0.560887 1.075816 1.075816 1.075816
4471.671387 0.000000 3711.488770 0.000000 0.542710 0.000000 -0.839920 1.174258 1.174258 1.174258
4476.762695 0.000000 3719.210693 0.000000 0.899376 0.000000 -0.437175 1.132160 1.132160 1.132160
4467.522461 0.000000 3733.977783 0.000000 0.998561 0.000000 0.053632 0.989283 0.989283 0.989283
4477.767090 0.000000 3718.596680 0.000000 0.071986 0.000000 -0.997406 1.437778 1.437778 1.437778
4476.664551 0.000000 3716.024414 0.000000 0.324741 0.000000 -0.945803 1.476763 1.476763 1.476763
4478.112305 0.000000 3715.959229 0.000000 0.054060 0.000000 -0.998538 1.575554 1.575554 1.575554
4477.658691 0.000000 3711.119141 0.000000 0.952073 0.000000 -0.305871 1.114081 1.114081 1.114081
4413.636230 0.000000 3826.164307 0.000000 0.788017 0.000000 -0.615654 1.006623 1.006623 1.006623
4411.545898 0.000000 3834.235352 0.000000 0.999992 0.000000 0.004048 0.999515 0.999515 0.999515
4402.402832 0.000000 3825.818359 0.000000 0.860053 0.000000 -0.510204 1.084213 1.084213 1.084213
4405.496582 0.000000 3822.229248 0.000000 0.999253 0.000000 -0.038645 1.006369 1.006369 1.006369
4401.062988 0.000000 3822.441406 0.000000 0.969310 0.000000 -0.245841 1.028525 1.028525 1.028525
4410.645508 0.000000 3836.872559 0.000000 0.368188 0.000000 -0.929751 1.140070 1.140070 1.140070
4414.115234 0.000000 3832.501953 0.000000 0.924428 0.000000 -0.381357 1.065446 1.065446 1.065446
4409.747559 0.000000 3829.381104 0.000000 0.885756 0.000000 -0.464150 1.067481 1.067481 1.067481
4402.252930 0.000000 3830.968018 0.000000 0.651862 0.000000 -0.758338 1.148276 1.148276 1.148276
4403.530273 0.000000 3822.645996 0.000000 0.915204 0.000000 -0.402992 1.060061 1.060061 1.060061
4409.920410 0.000000 3838.407227 0.000000 0.999937 0.000000 -0.011261 1.001659 1.001659 1.001659
4404.063965 0.000000 3827.080566 0.000000 0.997995 0.000000 -0.063291 1.013123 1.013123 1.013123
4407.711426 0.000000 3826.173340 0.000000 0.986433 0.000000 -0.164166 1.023056 1.023056 1.023056
4407.073730 0.000000 3834.169922 0.000000 0.976785 0.000000 -0.214223 1.027489 1.027489 1.027489
4407.521484 0.000000 3823.773193 0.000000 0.825575 0.000000 -0.564292 1.098793 1.098793 1.098793
4406.890137 0.000000 3827.153564 0.000000 0.726556 0.000000 -0.687107 1.105904 1.105904 1.105904
4413.709473 0.000000 3836.738037 0.000000 0.870004 0.000000 -0.493044 1.075944 1.075944 1.075944
4405.149414 0.000000 3833.069092 0.000000 0.997091 0.000000 0.076227 0.988761 0.988761 0.988761
4405.486816 0.000000 3828.608154 0.000000 0.173917 0.000000 -0.984760 1.243961 1.243961 1.243961
4415.011719 0.000000 3834.754639 0.000000 0.973818 0.000000 -0.227327 1.037215 1.037215 1.037215
4402.298340 0.000000 3828.567383 0.000000 0.846049 0.000000 -0.533105 1.101068 1.101068 1.101068
4418.742188 0.000000 3780.949463 0.000000 0.985197 0.000000 -0.171424 1.003011 1.003011 1.003011
4424.040039 0.000000 3838.176514 0.000000 0.996537 0.000000 -0.083148 1.006235 1.006235 1.006235
4432.830566 0.000000 3809.342773 0.000000 0.908653 0.000000 -0.417551 1.027960 1.027960 1.027960
4422.954590 0.000000 3793.673340 0.000000 0.997587 0.000000 0.069422 0.995143 0.995143 0.995143
4425.702148 0.000000 3804.718018 0.000000 0.462168 0.000000 -0.886792 1.114329 1.114329 1.114329
4423.428223 0.000000 3778.291016 0.000000 0.885527 0.000000 -0.464588 1.055488 1.055488 1.055488
4424.394531 0.000000 3835.585205 0.000000 0.349062 0.000000 -0.937099 1.103067 1.103067 1.103067
4428.192383 0.000000 3785.770996 0.000000 0.674398 0.000000 -0.738368 1.095393 1.095393 1.095393
4418.782227 0.000000 3829.266357 0.000000 0.397240 0.000000 -0.917715 1.092855 1.092855 1.092855
4427.731934 0.000000 3792.178955 0.000000 0.992166 0.000000 -0.124929 1.016886 1.016886 1.016886
4423.961914 0.000000 3780.336670 0.000000 0.030333 0.000000 -0.999540 1.188446 1.188446 1.188446
4423.369141 0.000000 3796.848877 0.000000 0.906374 0.000000 -0.422476 1.047913 1.047913 1.047913
4421.224609 0.000000 3837.260010 0.000000 0.468982 0.000000 -0.883208 1.151363 1.151363 1.151363
4422.429688 0.000000 3799.887695 0.000000 0.475829 0.000000 -0.879538 1.099290 1.099290 1.099290
4417.300293 0.000000 3836.427979 0.000000 0.755464 0.000000 -0.655191 1.087397 1.087397 1.087397
4420.634277 0.000000 3831.995605 0.000000 0.028126 0.000000 -0.999604 1.227229 1.227229 1.227229
4425.045898 0.000000 3796.986816 0.000000 0.999680 0.000000 -0.025305 1.003096 1.003096 1.003096
4422.623535 0.000000 3795.331543 0.000000 0.974112 0.000000 -0.226064 1.022772 1.022772 1.022772
4422.641602 0.000000 3838.922363 0.000000 0.623936 0.000000 -0.781475 1.105255 1.105255 1.105255
4426.119141 0.000000 3791.722412 0.000000 0.998114 0.000000 -0.061388 1.007668 1.007668 1.007668
4427.027344 0.000000 3801.687012 0.000000 0.537385 0.000000 -0.843337 1.152817 1.152817 1.152817
4428.140625 0.000000 3789.170166 0.000000 0.855405 0.000000 -0.517959 1.067964 1.067964 1.067964
4425.443359 0.000000 3801.415771 0.000000 0.366013 0.000000 -0.930610 1.191108 1.191108 1.191108
4424.058594 0.000000 3826.507324 0.000000 0.796028 0.000000 -0.605259 1.069788 1.069788 1.069788
4420.681641 0.000000 3830.016602 0.000000 0.352040 0.000000 -0.935985 1.178383 1.178383 1.178383
4428.324707 0.000000 3800.622559 0.000000 0.849103 0.000000 -0.528227 1.093087 1.093087 1.093087
4427.452148 0.000000 3803.284668 0.000000 0.301104 0.000000 -0.953591 1.180006 1.180006 1.180006
4431.829102 0.000000 3806.731445 0.000000 0.541799 0.000000 -0.840508 1.154510 1.154510 1.154510
4429.743652 0.000000 3805.217041 0.000000 0.899615 0.000000 -0.436684 1.074462 1.074462 1.074462
4421.615234 0.000000 3827.216064 0.000000 0.600731 0.000000 -0.799451 1.106387 1.106387 1.106387
4425.806641 0.000000 3833.503418 0.000000 0.430219 0.000000 -0.902724 1.120884 1.120884 1.120884
4417.256836 0.000000 3832.899414 0.000000 0.999784 0.000000 0.020776 0.997251 0.997251 0.997251
4424.204102 0.000000 3784.337646 0.000000 0.882260 0.000000 -0.470762 1.100343 1.100343 1.100343
4429.709473 0.000000 3802.590820 0.000000 0.995215 0.000000 -0.097707 1.016125 1.016125 1.016125
4428.288574 0.000000 3805.839844 0.000000 0.525536 0.000000 -0.850772 1.167648 1.167648 1.167648
4425.087402 0.000000 3791.246338 0.000000 0.845958 0.000000 -0.533249 1.096886 1.096886 1.096886
4427.666016 0.000000 3782.945801 0.000000 0.935026 0.000000 -0.354579 1.077822 1.077822 1.077822
4425.585449 0.000000 3782.607178 0.000000 0.458052 0.000000 -0.888925 1.213229 1.213229 1.213229
4425.833496 0.000000 3784.561768 0.000000 0.668369 0.000000 -0.743829 1.171713 1.171713 1.171713
4489.115234 0.000000 3715.074219 0.000000 0.852352 0.000000 -0.522969 1.015113 1.015113 1.015113
4483.687012 0.000000 3726.987793 0.000000 0.612580 0.000000 -0.790408 1.040960 1.040960 1.040960
4514.993652 0.000000 3742.337402 0.000000 0.835579 0.000000 -0.549370 1.029040 1.029040 1.029040
4493.312500 0.000000 3724.125488 0.000000 0.902552 0.000000 -0.430581 1.043341 1.043341 1.043341
4486.946777 0.000000 3729.688965 0.000000 0.994841 0.000000 -0.101448 1.005328 1.005328 1.005328
4514.858887 0.000000 3752.780273 0.000000 0.797423 0.000000 -0.603421 1.063072 1.063072 1.063072
4486.549805 0.000000 3727.841309 0.000000 0.235409 0.000000 -0.971896 1.153101 1.153101 1.153101
4517.671387 0.000000 3751.415527 0.000000 0.892844 0.000000 -0.450365 1.054817 1.054817 1.054817
4503.416992 0.000000 3746.627197 0.000000 0.403369 0.000000 -0.915038 1.135596 1.135596 1.135596
4492.378418 0.000000 3734.175049 0.000000 0.175853 0.000000 -0.984416 1.163572 1.163572 1.163572
4488.747559 0.000000 3736.024170 0.000000 0.868279 0.000000 -0.496077 1.034989 1.034989 1.034989
4502.226074 0.000000 3736.051514 0.000000 0.622134 0.000000 -0.782910 1.089809 1.089809 1.089809
4515.479980 0.000000 3745.706055 0.000000 0.401874 0.000000 -0.915695 1.132898 1.132898 1.132898
4487.954102 0.000000 3716.352295 0.000000 0.259801 0.000000 -0.965662 1.166537 1.166537 1.166537
4490.346191 0.000000 3724.862549 0.000000 0.289635 0.000000 -0.957137 1.156210 1.156210 1.156210
4489.369141 0.000000 3719.661621 0.000000 0.996773 0.000000 0.080277 0.989366 0.989366 0.989366
4513.732422 0.000000 3747.983643 0.000000 0.985084 0.000000 -0.172075 1.021155 1.021155 1.021155
4512.104004 0.000000 3745.139648 0.000000 0.897162 0.000000 -0.441701 1.054824 1.054824 1.054824
4482.332520 0.000000 3725.893066 0.000000 0.181326 0.000000 -0.983423 1.152520 1.152520 1.152520
4489.137207 0.000000 3729.933594 0.000000 0.475097 0.000000 -0.879934 1.120852 1.120852 1.120852
4489.748047 0.000000 3723.034180 0.000000 0.407393 0.000000 -0.913253 1.137953 1.137953 1.137953
4506.222168 0.000000 3740.466064 0.000000 0.946681 0.000000 -0.322174 1.043403 1.043403 1.043403
4487.730957 0.000000 3726.783203 0.000000 0.805731 0.000000 -0.592282 1.072796 1.072796 1.072796
4490.111328 0.000000 3727.738037 0.000000 0.000979 0.000000 -1.000000 1.184199 1.184199 1.184199
4487.634277 0.000000 3719.101074 0.000000 0.998815 0.000000 0.048663 0.994166 0.994166 0.994166
4504.467285 0.000000 3740.008789 0.000000 0.988538 0.000000 -0.150971 1.018161 1.018161 1.018161
4506.686523 0.000000 3747.331299 0.000000 0.476134 0.000000 -0.879373 1.139498 1.139498 1.139498
4495.003418 0.000000 3735.226562 0.000000 0.776770 0.000000 -0.629784 1.112255 1.112255 1.112255
4509.280762 0.000000 3745.646484 0.000000 0.999179 0.000000 -0.040501 1.006271 1.006271 1.006271
4507.118164 0.000000 3739.215820 0.000000 0.576600 0.000000 -0.817026 1.124139 1.124139 1.124139
4483.807617 0.000000 3725.385498 0.000000 0.837370 0.000000 -0.546637 1.063530 1.063530 1.063530
4491.582031 0.000000 3732.124268 0.000000 0.225091 0.000000 -0.974338 1.161029 1.161029 1.161029
4485.388672 0.000000 3720.502930 0.000000 0.418152 0.000000 -0.908377 1.142227 1.142227 1.142227
4482.615723 0.000000 3715.449707 0.000000 0.993540 0.000000 -0.113480 1.015900 1.015900 1.015900
4504.353516 0.000000 3749.240479 0.000000 0.767982 0.000000 -0.640471 1.086769 1.086769 1.086769
4501.104004 0.000000 3741.899414 0.000000 0.262665 0.000000 -0.964887 1.153127 1.153127 1.153127
4500.719727 0.000000 3746.072754 0.000000 0.394825 0.000000 -0.918756 1.194854 1.194854 1.194854
4487.641602 0.000000 3725.335205 0.000000 0.594947 0.000000 -0.803765 1.109546 1.109546 1.109546
4500.153809 0.000000 3744.235352 0.000000 0.130575 0.000000 -0.991439 1.201300 1.201300 1.201300
4495.253906 0.000000 3739.053223 0.000000 0.277854 0.000000 -0.960623 1.170588 1.170588 1.170588
4511.178711 0.000000 3742.858398 0.000000 0.517304 0.000000 -0.855802 1.135903 1.135903 1.135903
4514.772949 0.000000 3746.984619 0.000000 0.984186 0.000000 -0.177137 1.022673 1.022673 1.022673
4499.117676 0.000000 3737.185303 0.000000 0.545490 0.000000 -0.838117 1.119094 1.119094 1.119094
4499.268555 0.000000 3739.849609 0.000000 0.955839 0.000000 -0.293892 1.037980 1.037980 1.037980
4501.338867 0.000000 3743.399902 0.000000 0.952044 0.000000 -0.305961 1.038815 1.038815 1.038815
4484.943848 0.000000 3726.447021 0.000000 0.700024 0.000000 -0.714119 1.115169 1.115169 1.115169
4484.384277 0.000000 3723.115479 0.000000 0.427927 0.000000 -0.903813 1.146515 1.146515 1.146515
4502.145020 0.000000 3746.013184 0.000000 0.956815 0.000000 -0.290697 1.034609 1.034609 1.034609
4502.028320 0.000000 3740.884033 0.000000 0.190180 0.000000 -0.981749 1.175637 1.175637 1.175637
4483.869141 0.000000 3716.194824 0.000000 0.163079 0.000000 -0.986613 1.214269 1.214269 1.214269
4496.382812 0.000000 3744.108154 0.000000 0.311913 0.000000 -0.950111 1.181520 1.181520 1.181520
4501.644043 0.000000 3748.707520 0.000000 0.140214 0.000000 -0.990121 1.271347 1.271347 1.271347
4486.265625 0.000000 3712.329590 0.000000 0.998867 0.000000 0.047585 0.992513 0.992513 0.992513
4482.893066 0.000000 3719.992676 0.000000 0.457375 0.000000 -0.889274 1.166872 1.166872 1.166872
4495.939453 0.000000 3730.142090 0.000000 0.993753 0.000000 -0.111601 1.015914 1.015914 1.015914
4511.352539 0.000000 3749.721191 0.000000 0.683422 0.000000 -0.730024 1.140972 1.140972 1.140972
4504.448730 0.000000 3745.959473 0.000000 0.288506 0.000000 -0.957478 1.191455 1.191455 1.191455
4509.699219 0.000000 3743.577881 0.000000 0.857230 0.000000 -0.514934 1.091831 1.091831 1.091831
4511.036621 0.000000 3747.762695 0.000000 0.215446 0.000000 -0.976516 1.236561 1.236561 1.236561
4480.887207 0.000000 3719.839600 0.000000 0.761590 0.000000 -0.648059 1.172495 1.172495 1.172495
4481.215820 0.000000 3711.113770 0.000000 0.960619 0.000000 -0.277869 1.075920 1.075920 1.075920
4481.879395 0.000000 3716.123535 0.000000 0.223005 0.000000 -0.974817 1.490575 1.490575 1.490575
4479.845215 0.000000 3716.866943 0.000000 0.876124 0.000000 -0.482086 1.190889 1.190889 1.190889
4481.623535 0.000000 3713.128662 0.000000 0.726662 0.000000 -0.686995 1.274159 1.274159 1.274159
4479.606445 0.000000 3713.501465 0.000000 0.979170 0.000000 -0.203042 1.080141 1.080141 1.080141
4481.998047 0.000000 3714.887451 0.000000 0.969011 0.000000 -0.247019 1.093472 1.093472 1.093472
4516.207520 0.000000 3826.469971 0.000000 0.620316 0.000000 -0.784352 1.051773 1.051773 1.051773
4505.949219 0.000000 3833.181152 0.000000 0.339545 0.000000 -0.940590 1.061134 1.061134 1.061134
4507.127930 0.000000 3831.873535 0.000000 0.411826 0.000000 -0.911262 1.103028 1.103028 1.103028
4604.244141 0.000000 3816.754639 0.000000 0.311708 0.000000 -0.950178 1.097036 1.097036 1.097036
4606.053711 0.000000 3817.279541 0.000000 0.396115 0.000000 -0.918201 1.136524 1.136524 1.136524
4605.474609 0.000000 3822.256348 0.000000 0.984529 0.000000 -0.175221 1.027262 1.027262 1.027262
4605.473633 0.000000 3818.690186 0.000000 0.956175 0.000000 -0.292797 1.033383 1.033383 1.033383
4572.094727 0.000000 3815.790039 0.000000 0.389695 0.000000 -0.920944 1.160721 1.160721 1.160721
4572.819824 0.000000 3819.882080 0.000000 0.220859 0.000000 -0.975306 1.232226 1.232226 1.232226
4602.700684 0.000000 3822.571533 0.000000 0.683586 0.000000 -0.729870 1.110295 1.110295 1.110295
4606.035645 0.000000 3830.126221 0.000000 0.767498 0.000000 -0.641051 1.093812 1.093812 1.093812
4604.144043 0.000000 3822.134521 0.000000 0.991131 0.000000 -0.132886 1.020630 1.020630 1.020630
4604.185547 0.000000 3831.677246 0.000000 0.516730 0.000000 -0.856148 1.189875 1.189875 1.189875
4577.051758 0.000000 3818.937988 0.000000 0.678300 0.000000 -0.734785 1.140116 1.140116 1.140116
4577.755371 0.000000 3816.836670 0.000000 0.324548 0.000000 -0.945869 1.244614 1.244614 1.244614
4574.914062 0.000000 3818.450928 0.000000 0.965576 0.000000 -0.260120 1.063725 1.063725 1.063725
4604.611328 0.000000 3825.975586 0.000000 0.085570 0.000000 -0.996332 1.415260 1.415260 1.415260
4604.622559 0.000000 3829.623535 0.000000 0.635105 0.000000 -0.772426 1.246801 1.246801 1.246801
4605.984863 0.000000 3826.959473 0.000000 0.783479 0.000000 -0.621419 1.251110 1.251110 1.251110
4189.062500 0.000000 3862.695801 0.000000 0.906554 0.000000 -0.422090 1.004351 1.004351 1.004351
4200.906250 0.000000 3873.495605 0.000000 0.875301 0.000000 -0.483578 1.012601 1.012601 1.012601
4203.857422 0.000000 3872.134766 0.000000 0.812090 0.000000 -0.583532 1.017111 1.017111 1.017111
4190.346191 0.000000 3864.619873 0.000000 0.176719 0.000000 -0.984261 1.079995 1.079995 1.079995
4174.613281 0.000000 3858.411133 0.000000 0.019424 0.000000 -0.999811 1.135558 1.135558 1.135558
4169.241211 0.000000 3854.151611 0.000000 0.643799 0.000000 -0.765195 1.054384 1.054384 1.054384
4197.710449 0.000000 3879.384277 0.000000 0.989163 0.000000 -0.146821 1.013611 1.013611 1.013611
4167.459473 0.000000 3842.275391 0.000000 0.884077 0.000000 -0.467342 1.049775 1.049775 1.049775
4181.182129 0.000000 3860.570312 0.000000 0.899086 0.000000 -0.437772 1.055431 1.055431 1.055431
4167.993164 0.000000 3844.321045 0.000000 0.062777 0.000000 -0.998028 1.180707 1.180707 1.180707
4169.408203 0.000000 3847.630371 0.000000 0.597429 0.000000 -0.801922 1.127768 1.127768 1.127768
4169.847168 0.000000 3844.582520 0.000000 0.997104 0.000000 0.076053 0.993158 0.993158 0.993158
4195.112305 0.000000 3868.655762 0.000000 0.574648 0.000000 -0.818400 1.078977 1.078977 1.078977
4198.552246 0.000000 3874.046143 0.000000 0.904428 0.000000 -0.426626 1.052818 1.052818 1.052818
4169.787109 0.000000 3851.002930 0.000000 0.874575 0.000000 -0.484890 1.070775 1.070775 1.070775
4170.764648 0.000000 3849.036133 0.000000 0.609247 0.000000 -0.792980 1.114303 1.114303 1.114303
4191.956055 0.000000 3867.717773 0.000000 0.736946 0.000000 -0.675952 1.100066 1.100066 1.100066
4177.869141 0.000000 3860.131104 0.000000 0.260442 0.000000 -0.965489 1.143606 1.143606 1.143606
4184.506348 0.000000 3867.977539 0.000000 1.000000 0.000000 -0.000174 1.000023 1.000023 1.000023
4187.157227 0.000000 3867.184570 0.000000 0.982270 0.000000 -0.187470 1.024953 1.024953 1.024953
4177.208496 0.000000 3857.860107 0.000000 0.671972 0.000000 -0.740576 1.116589 1.116589 1.116589
4203.220215 0.000000 3875.702881 0.000000 0.922943 0.000000 -0.384936 1.067081 1.067081 1.067081
4189.595215 0.000000 3865.920166 0.000000 0.327619 0.000000 -0.944810 1.135884 1.135884 1.135884
4176.480957 0.000000 3860.710449 0.000000 0.986093 0.000000 -0.166195 1.018341 1.018341 1.018341
4175.874023 0.000000 3852.982666 0.000000 0.999630 0.000000 0.027209 0.996807 0.996807 0.996807
4201.742188 0.000000 3881.498047 0.000000 0.672780 0.000000 -0.739842 1.128911 1.128911 1.128911
4196.868652 0.000000 3875.941162 0.000000 0.479956 0.000000 -0.877293 1.130918 1.130918 1.130918
4195.635254 0.000000 3871.538330 0.000000 0.890358 0.000000 -0.455261 1.100303 1.100303 1.100303
4186.904785 0.000000 3864.599609 0.000000 0.345379 0.000000 -0.938463 1.145977 1.145977 1.145977
4190.985840 0.000000 3866.092041 0.000000 0.126859 0.000000 -0.991921 1.194616 1.194616 1.194616
4181.306152 0.000000 3856.071045 0.000000 0.991523 0.000000 -0.129930 1.019193 1.019193 1.019193
4165.352051 0.000000 3842.671143 0.000000 0.417075 0.000000 -0.908872 1.173697 1.173697 1.173697
4202.003418 0.000000 3875.125244 0.000000 0.823130 0.000000 -0.567853 1.102520 1.102520 1.102520
4202.440430 0.000000 3878.041992 0.000000 0.793758 0.000000 -0.608234 1.097940 1.097940 1.097940
4170.777344 0.000000 3850.275879 0.000000 0.991562 0.000000 -0.129636 1.020772 1.020772 1.020772
4168.687500 0.000000 3850.410400 0.000000 0.976140 0.000000 -0.217142 1.030602 1.030602 1.030602
4201.942871 0.000000 3879.228027 0.000000 0.994274 0.000000 -0.106859 1.014968 1.014968 1.014968
4173.423828 0.000000 3853.514160 0.000000 0.995866 0.000000 -0.090838 1.016578 1.016578 1.016578
4162.609375 0.000000 3840.871338 0.000000 0.349975 0.000000 -0.936759 1.278663 1.278663 1.278663
4173.839355 0.000000 3855.592773 0.000000 0.333584 0.000000 -0.942721 1.251944 1.251944 1.251944
4170.333984 0.000000 3853.990723 0.000000 0.506286 0.000000 -0.862366 1.176543 1.176543 1.176543
4192.737793 0.000000 3869.042236 0.000000 0.997699 0.000000 -0.067800 1.015923 1.015923 1.015923
4194.497070 0.000000 3873.377441 0.000000 0.993447 0.000000 -0.114291 1.020589 1.020589 1.020589
4192.242188 0.000000 3870.311768 0.000000 0.793962 0.000000 -0.607967 1.203936 1.203936 1.203936
4190.573730 0.000000 3869.596924 0.000000 0.064288 0.000000 -0.997931 1.406184 1.406184 1.406184
4193.049316 0.000000 3870.636230 0.000000 0.613586 0.000000 -0.789628 1.284045 1.284045 1.284045
4193.368652 0.000000 3871.609131 0.000000 0.996717 0.000000 0.080969 0.974704 0.974704 0.974704
4232.390625 0.000000 3897.709229 0.000000 0.999339 0.000000 -0.036345 1.001089 1.001089 1.001089
4227.330566 0.000000 3894.944580 0.000000 0.553304 0.000000 -0.832979 1.039324 1.039324 1.039324
4226.451660 0.000000 3890.299316 0.000000 0.525729 0.000000 -0.850652 1.066028 1.066028 1.066028
4237.138184 0.000000 3872.662354 0.000000 0.830994 0.000000 -0.556281 1.041236 1.041236 1.041236
4226.805664 0.000000 3893.250732 0.000000 0.209229 0.000000 -0.977867 1.132418 1.132418 1.132418
4238.849609 0.000000 3877.743896 0.000000 0.043083 0.000000 -0.999071 1.125861 1.125861 1.125861
4234.027344 0.000000 3892.602051 0.000000 0.302000 0.000000 -0.953308 1.154627 1.154627 1.154627
4233.798828 0.000000 3889.118896 0.000000 0.956224 0.000000 -0.292636 1.040037 1.040037 1.040037
4232.299316 0.000000 3874.764893 0.000000 0.072572 0.000000 -0.997363 1.187011 1.187011 1.187011
4229.767578 0.000000 3875.925049 0.000000 0.128819 0.000000 -0.991668 1.172755 1.172755 1.172755
4230.073242 0.000000 3868.364258 0.000000 0.171695 0.000000 -0.985150 1.139632 1.139632 1.139632
4231.364258 0.000000 3887.547363 0.000000 0.264856 0.000000 -0.964288 1.162618 1.162618 1.162618
4230.777344 0.000000 3874.458496 0.000000 0.167627 0.000000 -0.985850 1.168053 1.168053 1.168053
4233.476074 0.000000 3875.949707 0.000000 0.623242 0.000000 -0.782029 1.112084 1.112084 1.112084
4235.984375 0.000000 3888.221191 0.000000 0.554159 0.000000 -0.832411 1.120306 1.120306 1.120306
4229.090332 0.000000 3871.202148 0.000000 0.995296 0.000000 -0.096879 1.013566 1.013566 1.013566
4238.105469 0.000000 3887.552246 0.000000 0.411522 0.000000 -0.911400 1.203253 1.203253 1.203253
4239.312500 0.000000 3883.165039 0.000000 0.414240 0.000000 -0.910168 1.222711 1.222711 1.222711
4234.242188 0.000000 3871.352783 0.000000 0.994027 0.000000 -0.109131 1.014196 1.014196 1.014196
4231.697754 0.000000 3877.740479 0.000000 0.205927 0.000000 -0.978567 1.285916 1.285916 1.285916
4232.406738 0.000000 3885.604736 0.000000 0.594646 0.000000 -0.803988 1.132907 1.132907 1.132907
4239.942383 0.000000 3879.044434 0.000000 0.104700 0.000000 -0.994504 1.208603 1.208603 1.208603
4237.761230 0.000000 3879.094727 0.000000 0.913393 0.000000 -0.407078 1.083735 1.083735 1.083735
4233.433105 0.000000 3887.937744 0.000000 0.870733 0.000000 -0.491756 1.069308 1.069308 1.069308
4237.828613 0.000000 3875.041748 0.000000 0.339006 0.000000 -0.940784 1.177371 1.177371 1.177371
4238.150391 0.000000 3889.789062 0.000000 0.974308 0.000000 -0.225221 1.032327 1.032327 1.032327
4235.471191 0.000000 3883.389648 0.000000 0.997840 0.000000 0.065698 0.986705 0.986705 0.986705
4230.898926 0.000000 3879.562256 0.000000 0.988124 0.000000 -0.153660 1.033893 1.033893 1.033893
4236.872559 0.000000 3881.327148 0.000000 0.893606 0.000000 -0.448853 1.080185 1.080185 1.080185
4238.732910 0.000000 3882.142334 0.000000 0.997823 0.000000 0.065951 0.987148 0.987148 0.987148
4235.502441 0.000000 3877.857422 0.000000 0.991812 0.000000 -0.127705 1.025576 1.025576 1.025576
4232.417480 0.000000 3871.485596 0.000000 0.686571 0.000000 -0.727063 1.144292 1.144292 1.144292
4231.993652 0.000000 3881.393555 0.000000 0.945592 0.000000 -0.325355 1.051294 1.051294 1.051294
4234.001953 0.000000 3880.205078 0.000000 0.824688 0.000000 -0.565588 1.121564 1.121564 1.121564
4239.267578 0.000000 3881.060059 0.000000 0.995307 0.000000 -0.096764 1.017663 1.017663 1.017663
4230.818848 0.000000 3878.410645 0.000000 0.877175 0.000000 -0.480170 1.110035 1.110035 1.110035
4236.386719 0.000000 3885.723877 0.000000 0.624787 0.000000 -0.780795 1.308672 1.308672 1.308672
4228.362305 0.000000 3895.006836 0.000000 0.996593 0.000000 -0.082476 1.022263 1.022263 1.022263
4229.729492 0.000000 3893.918945 0.000000 0.273732 0.000000 -0.961806 1.442421 1.442421 1.442421
4230.770508 0.000000 3895.632324 0.000000 0.474457 0.000000 -0.880278 1.341301 1.341301 1.341301
4229.101074 0.000000 3890.348145 0.000000 0.258800 0.000000 -0.965931 1.300658 1.300658 1.300658
4235.958496 0.000000 3879.982422 0.000000 0.998001 0.000000 -0.063194 1.018313 1.018313 1.018313
4233.408203 0.000000 3891.790771 0.000000 0.762594 0.000000 -0.646878 1.200216 1.200216 1.200216
4229.106934 0.000000 3893.137695 0.000000 0.173155 0.000000 -0.984895 1.477731 1.477731 1.477731
4234.903320 0.000000 3878.483643 0.000000 0.391825 0.000000 -0.920040 1.338305 1.338305 1.338305
4230.614746 0.000000 3894.211670 0.000000 0.066399 0.000000 -0.997793 1.476971 1.476971 1.476971
4343.131348 0.000000 3896.812988 0.000000 0.950422 0.000000 -0.310964 1.002368 1.002368 1.002368
4330.921875 0.000000 3874.239258 0.000000 0.999986 0.000000 0.005243 0.999660 0.999660 0.999660
4345.961914 0.000000 3882.797607 0.000000 0.407866 0.000000 -0.913042 1.132146 1.132146 1.132146
4340.192871 0.000000 3887.789795 0.000000 0.119296 0.000000 -0.992859 1.148544 1.148544 1.148544
4346.483398 0.000000 3887.913818 0.000000 0.479740 0.000000 -0.877411 1.133620 1.133620 1.133620
4344.381836 0.000000 3897.937988 0.000000 0.880883 0.000000 -0.473335 1.056625 1.056625 1.056625
4348.781250 0.000000 3901.514404 0.000000 0.317937 0.000000 -0.948112 1.177487 1.177487 1.177487
4342.955566 0.000000 3892.605713 0.000000 0.343104 0.000000 -0.939298 1.152362 1.152362 1.152362
4347.553711 0.000000 3898.219727 0.000000 0.999889 0.000000 0.014873 0.997958 0.997958 0.997958
4343.448730 0.000000 3886.483643 0.000000 0.089140 0.000000 -0.996019 1.181238 1.181238 1.181238
4339.633789 0.000000 3879.068115 0.000000 0.982395 0.000000 -0.186818 1.024865 1.024865 1.024865
4339.716797 0.000000 3877.398438 0.000000 0.869835 0.000000 -0.493342 1.063114 1.063114 1.063114
4341.504395 0.000000 3886.213623 0.000000 0.809269 0.000000 -0.587439 1.064270 1.064270 1.064270
4345.081543 0.000000 3890.134766 0.000000 0.821030 0.000000 -0.570886 1.071293 1.071293 1.071293
4337.417480 0.000000 3881.856934 0.000000 0.860647 0.000000 -0.509202 1.054686 1.054686 1.054686
4349.105957 0.000000 3898.393311 0.000000 0.518361 0.000000 -0.855162 1.148545 1.148545 1.148545
4346.653320 0.000000 3900.856934 0.000000 0.847768 0.000000 -0.530367 1.076761 1.076761 1.076761
4350.123047 0.000000 3896.486328 0.000000 0.401399 0.000000 -0.915903 1.132958 1.132958 1.132958
4350.848145 0.000000 3891.268555 0.000000 0.248882 0.000000 -0.968534 1.227260 1.227260 1.227260
4334.999023 0.000000 3879.789062 0.000000 0.940281 0.000000 -0.340399 1.065037 1.065037 1.065037
4345.755371 0.000000 3893.365479 0.000000 0.241651 0.000000 -0.970363 1.168924 1.168924 1.168924
4341.321777 0.000000 3888.794189 0.000000 0.116443 0.000000 -0.993197 1.159729 1.159729 1.159729
4349.484375 0.000000 3891.624268 0.000000 0.717479 0.000000 -0.696580 1.125053 1.125053 1.125053
4343.780273 0.000000 3884.227539 0.000000 0.902112 0.000000 -0.431502 1.052351 1.052351 1.052351
4344.831055 0.000000 3881.884766 0.000000 0.600803 0.000000 -0.799397 1.106376 1.106376 1.106376
4334.164551 0.000000 3878.653076 0.000000 0.898436 0.000000 -0.439104 1.085120 1.085120 1.085120
4346.731934 0.000000 3886.555908 0.000000 0.999022 0.000000 -0.044205 1.005520 1.005520 1.005520
4346.953613 0.000000 3883.899414 0.000000 0.846228 0.000000 -0.532821 1.063130 1.063130 1.063130
4343.241211 0.000000 3881.561523 0.000000 0.075144 0.000000 -0.997173 1.182956 1.182956 1.182956
4343.719238 0.000000 3890.157715 0.000000 0.088664 0.000000 -0.996062 1.203496 1.203496 1.203496
4332.627930 0.000000 3879.011230 0.000000 0.942441 0.000000 -0.334372 1.051070 1.051070 1.051070
4348.175293 0.000000 3886.118896 0.000000 0.422110 0.000000 -0.906545 1.221024 1.221024 1.221024
4348.216797 0.000000 3895.661621 0.000000 0.053867 0.000000 -0.998548 1.204499 1.204499 1.204499
4349.717285 0.000000 3900.722412 0.000000 0.978424 0.000000 -0.206609 1.029614 1.029614 1.029614
4335.928223 0.000000 3877.093018 0.000000 0.683824 0.000000 -0.729647 1.153127 1.153127 1.153127
4350.480957 0.000000 3886.922363 0.000000 0.963060 0.000000 -0.269288 1.053775 1.053775 1.053775
4332.344238 0.000000 3876.671875 0.000000 0.993519 0.000000 -0.113666 1.020192 1.020192 1.020192
4335.701660 0.000000 3876.009277 0.000000 0.118161 0.000000 -0.992994 1.271941 1.271941 1.271941
4349.576660 0.000000 3887.485840 0.000000 0.953861 0.000000 -0.300248 1.059384 1.059384 1.059384
4335.680176 0.000000 3966.884766 0.000000 0.144122 0.000000 -0.989560 1.192267 1.192267 1.192267
4340.996582 0.000000 3966.678223 0.000000 0.030466 0.000000 -0.999536 1.211502 1.211502 1.211502
4333.441895 0.000000 3965.134521 0.000000 0.535555 0.000000 -0.844501 1.097914 1.097914 1.097914
4336.856934 0.000000 3964.209473 0.000000 0.568495 0.000000 -0.822687 1.142306 1.142306 1.142306
4330.668945 0.000000 3971.941162 0.000000 0.558670 0.000000 -0.829390 1.068367 1.068367 1.068367
4342.346191 0.000000 3974.095215 0.000000 0.893374 0.000000 -0.449315 1.033738 1.033738 1.033738
4334.658203 0.000000 3972.914795 0.000000 0.499232 0.000000 -0.866468 1.094197 1.094197 1.094197
4337.327637 0.000000 3971.385254 0.000000 0.753952 0.000000 -0.656930 1.100205 1.100205 1.100205
4335.825684 0.000000 3967.061523 0.000000 0.980370 0.000000 -0.197165 1.026756 1.026756 1.026756
4343.552734 0.000000 3973.078613 0.000000 0.036913 0.000000 -0.999318 1.195299 1.195299 1.195299
4334.285645 0.000000 3967.096924 0.000000 0.972118 0.000000 -0.234492 1.031910 1.031910 1.031910
4339.845215 0.000000 3969.517822 0.000000 0.159355 0.000000 -0.987221 1.197234 1.197234 1.197234
4342.103027 0.000000 3971.158447 0.000000 0.647915 0.000000 -0.761713 1.116742 1.116742 1.116742
4341.263672 0.000000 3967.084961 0.000000 0.297056 0.000000 -0.954860 1.174272 1.174272 1.174272
4341.255859 0.000000 3973.508545 0.000000 0.999828 0.000000 -0.018572 1.002736 1.002736 1.002736
4302.242188 0.000000 4040.084961 0.000000 0.990799 0.000000 -0.135338 1.011184 1.011184 1.011184
4307.586914 0.000000 4038.294189 0.000000 0.134504 0.000000 -0.990913 1.121882 1.121882 1.121882
4300.208008 0.000000 4041.708496 0.000000 0.587692 0.000000 -0.809085 1.075303 1.075303 1.075303
4323.503418 0.000000 4065.627930 0.000000 0.005147 0.000000 -0.999987 1.160257 1.160257 1.160257
4331.164062 0.000000 4057.162109 0.000000 0.989161 0.000000 -0.146836 1.019499 1.019499 1.019499
4323.096680 0.000000 4060.608887 0.000000 0.610855 0.000000 -0.791743 1.109487 1.109487 1.109487
4321.378418 0.000000 4061.826416 0.000000 0.486910 0.000000 -0.873452 1.111382 1.111382 1.111382
4326.372559 0.000000 4060.499756 0.000000 0.907407 0.000000 -0.420253 1.051975 1.051975 1.051975
4328.126465 0.000000 4058.014160 0.000000 0.300912 0.000000 -0.953652 1.183193 1.183193 1.183193
4300.143555 0.000000 4037.926514 0.000000 0.063024 0.000000 -0.998012 1.229611 1.229611 1.229611
4303.106934 0.000000 4037.260254 0.000000 0.687210 0.000000 -0.726459 1.109624 1.109624 1.109624
4323.619629 0.000000 4063.491455 0.000000 0.315303 0.000000 -0.948991 1.146675 1.146675 1.146675
4325.448730 0.000000 4058.785889 0.000000 0.390327 0.000000 -0.920676 1.146024 1.146024 1.146024
4304.870117 0.000000 4037.865479 0.000000 0.969687 0.000000 -0.244352 1.032046 1.032046 1.032046
4325.890625 0.000000 4063.362061 0.000000 0.972553 0.000000 -0.232682 1.032245 1.032245 1.032245
4325.833984 0.000000 4064.937988 0.000000 0.783140 0.000000 -0.621846 1.085447 1.085447 1.085447
4325.200684 0.000000 4061.328369 0.000000 0.136788 0.000000 -0.990600 1.193266 1.193266 1.193266
4300.926270 0.000000 4036.860107 0.000000 0.943567 0.000000 -0.331181 1.051406 1.051406 1.051406
4296.219727 0.000000 4040.275146 0.000000 0.658029 0.000000 -0.752993 1.176670 1.176670 1.176670
4412.083008 0.000000 3851.506592 0.000000 0.902832 0.000000 -0.429993 1.021084 1.021084 1.021084
4404.876465 0.000000 3840.392578 0.000000 0.562440 0.000000 -0.826838 1.075339 1.075339 1.075339
4351.567871 0.000000 3901.912598 0.000000 0.509515 0.000000 -0.860462 1.124169 1.124169 1.124169
4413.554688 0.000000 3844.739014 0.000000 0.711250 0.000000 -0.702939 1.099252 1.099252 1.099252
4414.818359 0.000000 3848.722656 0.000000 0.070671 0.000000 -0.997500 1.224699 1.224699 1.224699
4408.946777 0.000000 3842.201904 0.000000 0.868158 0.000000 -0.496288 1.064825 1.064825 1.064825
4413.231445 0.000000 3841.471680 0.000000 0.684833 0.000000 -0.728700 1.116179 1.116179 1.116179
4411.700684 0.000000 3840.448730 0.000000 0.796112 0.000000 -0.605149 1.086000 1.086000 1.086000
4408.546875 0.000000 3840.602051 0.000000 0.978913 0.000000 -0.204276 1.028248 1.028248 1.028248
4409.875488 0.000000 3839.745117 0.000000 0.676361 0.000000 -0.736570 1.121959 1.121959 1.121959
4414.565430 0.000000 3842.822021 0.000000 0.271384 0.000000 -0.962471 1.187656 1.187656 1.187656
4412.801270 0.000000 3848.332764 0.000000 0.750659 0.000000 -0.660690 1.140544 1.140544 1.140544
4414.886719 0.000000 3847.223389 0.000000 0.182613 0.000000 -0.983185 1.225101 1.225101 1.225101
4478.317871 0.000000 3852.453369 0.000000 0.656621 0.000000 -0.754221 1.036265 1.036265 1.036265
4425.376953 0.000000 3847.630371 0.000000 0.386102 0.000000 -0.922456 1.117277 1.117277 1.117277
4422.609863 0.000000 3839.093262 0.000000 0.999999 0.000000 -0.001546 1.000181 1.000181 1.000181
4418.623535 0.000000 3843.418457 0.000000 0.328735 0.000000 -0.944422 1.160436 1.160436 1.160436
4418.777344 0.000000 3839.142090 0.000000 0.588872 0.000000 -0.808226 1.131577 1.131577 1.131577
4419.464844 0.000000 3841.632324 0.000000 0.848941 0.000000 -0.528488 1.077847 1.077847 1.077847
4419.876953 0.000000 3844.163574 0.000000 0.477690 0.000000 -0.878529 1.133911 1.133911 1.133911
4420.409668 0.000000 3846.222656 0.000000 0.996671 0.000000 -0.081527 1.011615 1.011615 1.011615
4420.221191 0.000000 3847.530762 0.000000 0.999946 0.000000 -0.010397 1.001480 1.001480 1.001480
4418.233887 0.000000 3921.184570 0.000000 0.323094 0.000000 -0.946367 1.068205 1.068205 1.068205
4420.935547 0.000000 3916.333008 0.000000 0.250941 0.000000 -0.968002 1.075631 1.075631 1.075631
4419.493164 0.000000 3924.861084 0.000000 0.961444 0.000000 -0.275000 1.021561 1.021561 1.021561
4423.452637 0.000000 3914.492920 0.000000 0.982706 0.000000 -0.185175 1.010230 1.010230 1.010230
4427.160645 0.000000 3934.356201 0.000000 0.697148 0.000000 -0.716927 1.091802 1.091802 1.091802
4425.216797 0.000000 3936.323486 0.000000 0.823899 0.000000 -0.566737 1.070701 1.070701 1.070701
4432.389160 0.000000 3927.842285 0.000000 0.052807 0.000000 -0.998605 1.117480 1.117480 1.117480
4429.117676 0.000000 3918.652100 0.000000 0.999783 0.000000 -0.020852 1.002551 1.002551 1.002551
4422.762207 0.000000 3916.134277 0.000000 0.854936 0.000000 -0.518734 1.057185 1.057185 1.057185
4422.627930 0.000000 3930.729980 0.000000 0.973933 0.000000 -0.226834 1.023994 1.023994 1.023994
4427.731934 0.000000 3920.147705 0.000000 0.890403 0.000000 -0.455172 1.057809 1.057809 1.057809
4423.369141 0.000000 3924.817627 0.000000 0.309146 0.000000 -0.951015 1.166257 1.166257 1.166257
4426.354004 0.000000 3916.815674 0.000000 0.884333 0.000000 -0.466856 1.058207 1.058207 1.058207
4422.623535 0.000000 3923.300293 0.000000 0.640975 0.000000 -0.767561 1.122335 1.122335 1.122335
4425.755859 0.000000 3914.987305 0.000000 0.269501 0.000000 -0.963000 1.191179 1.191179 1.191179
4423.738770 0.000000 3918.736328 0.000000 0.379868 0.000000 -0.925041 1.153337 1.153337 1.153337
4426.119141 0.000000 3919.691162 0.000000 0.416716 0.000000 -0.909037 1.139575 1.139575 1.139575
4427.027344 0.000000 3929.655762 0.000000 0.974781 0.000000 -0.223163 1.026970 1.026970 1.026970
4425.443359 0.000000 3929.384521 0.000000 0.287047 0.000000 -0.957916 1.159736 1.159736 1.159736
4433.223145 0.000000 3914.919189 0.000000 0.233948 0.000000 -0.972249 1.203255 1.203255 1.203255
4422.880859 0.000000 3933.714111 0.000000 0.999380 0.000000 -0.035206 1.003516 1.003516 1.003516
4433.177246 0.000000 3921.844482 0.000000 0.184938 0.000000 -0.982750 1.179774 1.179774 1.179774
4420.645020 0.000000 3925.805664 0.000000 0.998820 0.000000 -0.048563 1.005701 1.005701 1.005701
4431.162109 0.000000 3921.050781 0.000000 0.702868 0.000000 -0.711321 1.096810 1.096810 1.096810
4431.842773 0.000000 3916.967041 0.000000 0.997249 0.000000 -0.074119 1.009631 1.009631 1.009631
4435.104492 0.000000 3915.679688 0.000000 0.297886 0.000000 -0.954601 1.174153 1.174153 1.174153
4434.852539 0.000000 3917.447021 0.000000 0.645175 0.000000 -0.764034 1.151960 1.151960 1.151960
4435.682617 0.000000 3919.678467 0.000000 0.948176 0.000000 -0.317745 1.065388 1.065388 1.065388
4428.511719 0.000000 3924.917725 0.000000 0.737600 0.000000 -0.675238 1.099936 1.099936 1.099936
4432.040527 0.000000 3914.356689 0.000000 0.660293 0.000000 -0.751008 1.129383 1.129383 1.129383
4424.656250 0.000000 3914.394775 0.000000 0.999997 0.000000 -0.002275 1.000335 1.000335 1.000335
4435.750488 0.000000 3921.926270 0.000000 0.419050 0.000000 -0.907963 1.221681 1.221681 1.221681
4435.758789 0.000000 3918.129150 0.000000 0.633820 0.000000 -0.773481 1.178826 1.178826 1.178826
4434.860352 0.000000 3921.396484 0.000000 0.858637 0.000000 -0.512585 1.104803 1.104803 1.104803
4494.235840 0.000000 3842.477539 0.000000 0.999630 0.000000 -0.027185 1.002036 1.002036 1.002036
4483.226074 0.000000 3850.372314 0.000000 0.999548 0.000000 -0.030063 1.003678 1.003678 1.003678
4486.754395 0.000000 3852.149902 0.000000 0.587743 0.000000 -0.809048 1.120007 1.120007 1.120007
4490.346191 0.000000 3852.831299 0.000000 0.999967 0.000000 0.008159 0.999307 0.999307 0.999307
4489.808105 0.000000 3844.582520 0.000000 0.528842 0.000000 -0.848720 1.136642 1.136642 1.136642
4490.725586 0.000000 3849.036133 0.000000 0.021606 0.000000 -0.999767 1.181778 1.181778 1.181778
4487.730957 0.000000 3854.751953 0.000000 0.906573 0.000000 -0.422048 1.050037 1.050037 1.050037
4487.634277 0.000000 3847.069824 0.000000 0.566550 0.000000 -0.824028 1.108804 1.108804 1.108804
4485.017578 0.000000 3855.858643 0.000000 0.537098 0.000000 -0.843520 1.117784 1.117784 1.117784
4487.641602 0.000000 3853.303955 0.000000 0.856195 0.000000 -0.516653 1.069129 1.069129 1.069129
4492.120117 0.000000 3845.973389 0.000000 0.816816 0.000000 -0.576898 1.072154 1.072154 1.072154
4480.069336 0.000000 3846.984863 0.000000 0.900475 0.000000 -0.434908 1.052794 1.052794 1.052794
4484.384277 0.000000 3851.084229 0.000000 0.567434 0.000000 -0.823419 1.132835 1.132835 1.132835
4481.432617 0.000000 3851.863037 0.000000 0.984705 0.000000 -0.174229 1.024483 1.024483 1.024483
4510.955078 0.000000 3911.638916 0.000000 0.064756 0.000000 -0.997901 1.045117 1.045117 1.045117
4520.642090 0.000000 3927.332031 0.000000 0.010661 0.000000 -0.999943 1.148008 1.148008 1.148008
4521.735352 0.000000 3926.125977 0.000000 0.492767 0.000000 -0.870161 1.100137 1.100137 1.100137
4523.055176 0.000000 3912.449463 0.000000 0.922145 0.000000 -0.386844 1.064457 1.064457 1.064457
4523.627930 0.000000 3914.172852 0.000000 0.876395 0.000000 -0.481593 1.072758 1.072758 1.072758
4525.740723 0.000000 3911.806641 0.000000 0.685057 0.000000 -0.728490 1.154848 1.154848 1.154848
4524.065430 0.000000 3911.503906 0.000000 0.841682 0.000000 -0.539973 1.108227 1.108227 1.108227
4527.393555 0.000000 3913.745361 0.000000 0.708300 0.000000 -0.705911 1.135003 1.135003 1.135003
4381.925781 0.000000 3973.732910 0.000000 0.995752 0.000000 -0.092077 1.008748 1.008748 1.008748
4386.875000 0.000000 3972.730469 0.000000 0.175983 0.000000 -0.984393 1.121797 1.121797 1.121797
4380.081055 0.000000 3972.823975 0.000000 0.999966 0.000000 0.008190 0.999223 0.999223 0.999223
4372.911621 0.000000 3976.736816 0.000000 0.785374 0.000000 -0.619022 1.059992 1.059992 1.059992
4387.770020 0.000000 3969.416748 0.000000 0.533498 0.000000 -0.845801 1.088084 1.088084 1.088084
4375.542969 0.000000 3975.173096 0.000000 0.244891 0.000000 -0.969551 1.115637 1.115637 1.115637
4378.483887 0.000000 3973.322021 0.000000 0.531022 0.000000 -0.847358 1.095911 1.095911 1.095911
4385.174316 0.000000 3971.750977 0.000000 0.790024 0.000000 -0.613076 1.087322 1.087322 1.087322
4385.663086 0.000000 3973.654785 0.000000 0.999667 0.000000 -0.025815 1.003029 1.003029 1.003029
4371.365234 0.000000 3972.056152 0.000000 0.972528 0.000000 -0.232788 1.042231 1.042231 1.042231
4374.063477 0.000000 3973.430908 0.000000 0.972494 0.000000 -0.232926 1.026997 1.026997 1.026997
4373.138184 0.000000 3970.011963 0.000000 0.517057 0.000000 -0.855951 1.148765 1.148765 1.148765
4385.044434 0.000000 3970.216309 0.000000 0.924570 0.000000 -0.381013 1.051722 1.051722 1.051722
4372.481445 0.000000 3975.369141 0.000000 0.245095 0.000000 -0.969499 1.211416 1.211416 1.211416
4378.264160 0.000000 3968.359863 0.000000 0.999971 0.000000 -0.007625 1.001085 1.001085 1.001085
4379.647461 0.000000 3968.273682 0.000000 0.607733 0.000000 -0.794141 1.130576 1.130576 1.130576
4370.229004 0.000000 3974.341064 0.000000 0.977739 0.000000 -0.209826 1.044332 1.044332 1.044332
4372.893555 0.000000 3974.099121 0.000000 0.999355 0.000000 0.035913 0.994261 0.994261 0.994261
4429.379395 0.000000 4048.600342 0.000000 0.321819 0.000000 -0.946801 1.055864 1.055864 1.055864
4426.857910 0.000000 4049.811035 0.000000 0.059518 0.000000 -0.998227 1.056593 1.056593 1.056593
4476.360840 0.000000 4056.431885 0.000000 0.567420 0.000000 -0.823428 1.070042 1.070042 1.070042
4421.344238 0.000000 4057.167725 0.000000 0.938635 0.000000 -0.344913 1.033408 1.033408 1.033408
4478.833496 0.000000 4059.856201 0.000000 0.999251 0.000000 -0.038707 1.003286 1.003286 1.003286
4422.049805 0.000000 4060.317383 0.000000 0.708034 0.000000 -0.706179 1.086130 1.086130 1.086130
4474.311523 0.000000 4058.992676 0.000000 0.998673 0.000000 -0.051493 1.008360 1.008360 1.008360
4479.452148 0.000000 4063.276367 0.000000 0.470024 0.000000 -0.882653 1.280796 1.280796 1.280796
4600.965332 0.000000 4029.365723 0.000000 0.362968 0.000000 -0.931802 1.032936 1.032936 1.032936
4558.566406 0.000000 3986.379883 0.000000 0.175355 0.000000 -0.984505 1.128816 1.128816 1.128816
4604.750000 0.000000 4029.483154 0.000000 0.009536 0.000000 -0.999955 1.132524 1.132524 1.132524
4550.414062 0.000000 3991.840820 0.000000 0.155528 0.000000 -0.987831 1.113014 1.113014 1.113014
4603.522461 0.000000 4026.188477 0.000000 0.966829 0.000000 -0.255423 1.028372 1.028372 1.028372
4605.074707 0.000000 4026.362061 0.000000 0.920018 0.000000 -0.391875 1.042222 1.042222 1.042222
4602.622070 0.000000 4028.825684 0.000000 0.817448 0.000000 -0.576002 1.104207 1.104207 1.104207
4606.816895 0.000000 4019.237305 0.000000 0.857857 0.000000 -0.513889 1.079498 1.079498 1.079498
4603.071777 0.000000 4021.068115 0.000000 0.884981 0.000000 -0.465627 1.100362 1.100362 1.100362
4604.368164 0.000000 4030.804932 0.000000 0.546680 0.000000 -0.837342 1.131312 1.131312 1.131312
4556.496094 0.000000 3988.902100 0.000000 0.938805 0.000000 -0.344449 1.093059 1.093059 1.093059
4553.704590 0.000000 3984.810791 0.000000 0.965481 0.000000 -0.260473 1.044077 1.044077 1.044077
4602.841309 0.000000 4018.923828 0.000000 0.392483 0.000000 -0.919759 1.288549 1.288549 1.288549
4606.988281 0.000000 4026.707764 0.000000 0.958365 0.000000 -0.285545 1.053497 1.053497 1.053497
4605.680176 0.000000 4023.370117 0.000000 0.207541 0.000000 -0.978226 1.302568 1.302568 1.302568
4603.762207 0.000000 4028.921143 0.000000 0.775352 0.000000 -0.631529 1.116039 1.116039 1.116039
4555.930176 0.000000 3985.216064 0.000000 0.198748 0.000000 -0.980051 1.407225 1.407225 1.407225
4605.936523 0.000000 4025.623535 0.000000 0.219699 0.000000 -0.975568 1.225694 1.225694 1.225694
4554.732910 0.000000 3984.533691 0.000000 0.712584 0.000000 -0.701586 1.231023 1.231023 1.231023
4607.104980 0.000000 4022.132080 0.000000 0.118214 0.000000 -0.992988 1.322692 1.322692 1.322692
4555.648926 0.000000 3989.418945 0.000000 0.974632 0.000000 -0.223813 1.054099 1.054099 1.054099
4557.296875 0.000000 3986.893799 0.000000 0.558824 0.000000 -0.829286 1.397915 1.397915 1.397915
4557.159180 0.000000 3989.607178 0.000000 0.768579 0.000000 -0.639755 1.183704 1.183704 1.183704
4604.622559 0.000000 4021.576660 0.000000 0.998981 0.000000 0.045136 0.988164 0.988164 0.988164
4604.993652 0.000000 4018.809814 0.000000 0.972369 0.000000 -0.233447 1.062942 1.062942 1.062942
4556.798340 0.000000 3985.310059 0.000000 0.231697 0.000000 -0.972788 1.467295 1.467295 1.467295
4554.014160 0.000000 3985.607910 0.000000 0.469550 0.000000 -0.882906 1.321455 1.321455 1.321455
4556.458008 0.000000 3984.508545 0.000000 0.199995 0.000000 -0.979797 1.478643 1.478643 1.478643
4495.894531 0.000000 4076.373779 0.000000 0.007663 0.000000 -0.999971 1.003902 1.003902 1.003902
4487.467773 0.000000 4068.108887 0.000000 0.997650 0.000000 0.068517 0.997432 0.997432 0.997432
4499.520996 0.000000 4074.828125 0.000000 0.531208 0.000000 -0.847242 1.063086 1.063086 1.063086
4480.462891 0.000000 4060.506104 0.000000 0.381502 0.000000 -0.924368 1.108942 1.108942 1.108942
4482.545898 0.000000 4075.127686 0.000000 0.999680 0.000000 -0.025279 1.004481 1.004481 1.004481
4497.260254 0.000000 4076.861572 0.000000 0.972387 0.000000 -0.233375 1.027639 1.027639 1.027639
4500.795410 0.000000 4078.985352 0.000000 0.737277 0.000000 -0.675591 1.087037 1.087037 1.087037
4489.970703 0.000000 4072.158203 0.000000 0.951026 0.000000 -0.309112 1.063550 1.063550 1.063550
4485.115723 0.000000 4076.213867 0.000000 0.751217 0.000000 -0.660055 1.201571 1.201571 1.201571
4482.271484 0.000000 4073.301758 0.000000 0.780068 0.000000 -0.625695 1.140081 1.140081 1.140081
4486.787598 0.000000 4070.363770 0.000000 0.377342 0.000000 -0.926074 1.301471 1.301471 1.301471
4484.795898 0.000000 4071.561035 0.000000 0.214689 0.000000 -0.976683 1.405766 1.405766 1.405766
4486.896973 0.000000 4073.744873 0.000000 0.925606 0.000000 -0.378488 1.126948 1.126948 1.126948
4479.459961 0.000000 4064.297852 0.000000 0.840566 0.000000 -0.541709 1.120053 1.120053 1.120053
4484.277832 0.000000 4076.826904 0.000000 0.287164 0.000000 -0.957881 1.357774 1.357774 1.357774
4485.993164 0.000000 4073.079102 0.000000 0.126661 0.000000 -0.991946 1.594743 1.594743 1.594743
4484.071777 0.000000 4072.075439 0.000000 0.868051 0.000000 -0.496476 1.214012 1.214012 1.214012
4487.659180 0.000000 4076.973633 0.000000 0.207443 0.000000 -0.978247 1.445386 1.445386 1.445386
4485.152832 0.000000 4073.496582 0.000000 0.866921 0.000000 -0.498446 1.214947 1.214947 1.214947
4484.843262 0.000000 4070.459961 0.000000 0.723005 0.000000 -0.690843 1.228480 1.228480 1.228480
4601.823242 0.000000 4032.983887 0.000000 0.801936 0.000000 -0.597411 1.011189 1.011189 1.011189
4605.208008 0.000000 4033.424805 0.000000 0.337341 0.000000 -0.941383 1.232752 1.232752 1.232752
4602.522949 0.000000 4034.145264 0.000000 0.999970 0.000000 -0.007748 1.001760 1.001760 1.001760
4606.541992 0.000000 4034.775146 0.000000 0.858508 0.000000 -0.512801 1.077967 1.077967 1.077967
4605.881348 0.000000 4032.579346 0.000000 0.870878 0.000000 -0.491500 1.097489 1.097489 1.097489
4606.717285 0.000000 4036.879883 0.000000 0.016918 0.000000 -0.999857 1.298708 1.298708 1.298708
4604.648926 0.000000 4035.946289 0.000000 0.094500 0.000000 -0.995525 1.353788 1.353788 1.353788
4612.706543 0.000000 3816.752441 0.000000 0.339077 0.000000 -0.940759 1.033637 1.033637 1.033637
4613.822266 0.000000 3818.116455 0.000000 0.060030 0.000000 -0.998197 1.120692 1.120692 1.120692
4612.610840 0.000000 3831.995605 0.000000 0.140312 0.000000 -0.990107 1.185646 1.185646 1.185646
4609.644531 0.000000 3830.300293 0.000000 1.000000 0.000000 0.000550 0.999934 0.999934 0.999934
4616.483398 0.000000 3828.229492 0.000000 0.501494 0.000000 -0.865161 1.099183 1.099183 1.099183
4619.937500 0.000000 3824.236816 0.000000 0.965303 0.000000 -0.261134 1.046171 1.046171 1.046171
4610.962402 0.000000 3827.710693 0.000000 0.998959 0.000000 0.045621 0.990885 0.990885 0.990885
4611.265625 0.000000 3821.024170 0.000000 0.462904 0.000000 -0.886409 1.220325 1.220325 1.220325
4611.573730 0.000000 3825.669922 0.000000 0.020425 0.000000 -0.999791 1.332869 1.332869 1.332869
4617.386230 0.000000 3823.953369 0.000000 0.012166 0.000000 -0.999926 1.408576 1.408576 1.408576
4608.828125 0.000000 3819.118652 0.000000 0.083059 0.000000 -0.996545 1.245122 1.245122 1.245122
4610.248535 0.000000 3825.078125 0.000000 0.662956 0.000000 -0.748658 1.181647 1.181647 1.181647
4610.255859 0.000000 3817.364258 0.000000 0.939255 0.000000 -0.343220 1.075220 1.075220 1.075220
4610.699707 0.000000 3822.010254 0.000000 0.998228 0.000000 0.059511 0.986620 0.986620 0.986620
4610.058594 0.000000 3828.312012 0.000000 0.871913 0.000000 -0.489661 1.093256 1.093256 1.093256
4614.181641 0.000000 3820.984375 0.000000 0.748254 0.000000 -0.663412 1.186525 1.186525 1.186525
4616.329102 0.000000 3823.862793 0.000000 0.146329 0.000000 -0.989236 1.373268 1.373268 1.373268
4613.175781 0.000000 3824.359131 0.000000 0.876942 0.000000 -0.480596 1.130167 1.130167 1.130167
4612.262207 0.000000 3820.889404 0.000000 0.927865 0.000000 -0.372916 1.095406 1.095406 1.095406
4617.341797 0.000000 3821.460449 0.000000 0.762310 0.000000 -0.647212 1.175737 1.175737 1.175737
4612.676758 0.000000 3827.619141 0.000000 0.239249 0.000000 -0.970958 1.341797 1.341797 1.341797
4612.094238 0.000000 3824.714355 0.000000 0.888681 0.000000 -0.458526 1.123676 1.123676 1.123676
4614.725586 0.000000 3822.820801 0.000000 0.906164 0.000000 -0.422927 1.114468 1.114468 1.114468
4629.502930 0.000000 3947.669678 0.000000 0.849712 0.000000 -0.527248 1.005546 1.005546 1.005546
4630.446777 0.000000 3943.586182 0.000000 0.168582 0.000000 -0.985688 1.020992 1.020992 1.020992
4629.683105 0.000000 3926.248535 0.000000 0.998205 0.000000 0.059882 0.998205 0.998205 0.998205
4633.241699 0.000000 3917.580566 0.000000 0.999728 0.000000 -0.023307 1.000640 1.000640 1.000640
4639.938477 0.000000 3916.697998 0.000000 0.999846 0.000000 -0.017529 1.002407 1.002407 1.002407
4630.863281 0.000000 3924.743164 0.000000 0.999912 0.000000 0.013248 0.998148 0.998148 0.998148
4636.653320 0.000000 3931.025879 0.000000 0.870316 0.000000 -0.492493 1.051424 1.051424 1.051424
4632.073242 0.000000 3935.039307 0.000000 0.974068 0.000000 -0.226257 1.027920 1.027920 1.027920
4637.505371 0.000000 3932.723633 0.000000 0.868168 0.000000 -0.496270 1.050562 1.050562 1.050562
4631.368652 0.000000 3933.074219 0.000000 0.651061 0.000000 -0.759026 1.111881 1.111881 1.111881
4643.763672 0.000000 3917.949219 0.000000 0.997244 0.000000 -0.074195 1.010939 1.010939 1.010939
4627.968262 0.000000 3928.041016 0.000000 0.662998 0.000000 -0.748621 1.114050 1.114050 1.114050
4635.102539 0.000000 3931.168945 0.000000 0.916218 0.000000 -0.400681 1.062783 1.062783 1.062783
4622.115234 0.000000 3945.039062 0.000000 0.999955 0.000000 0.009527 0.998930 0.998930 0.998930
4624.194336 0.000000 3938.694092 0.000000 0.523761 0.000000 -0.851865 1.124721 1.124721 1.124721
4634.689941 0.000000 3933.801514 0.000000 0.887904 0.000000 -0.460029 1.076379 1.076379 1.076379
4628.704102 0.000000 3938.025879 0.000000 0.983066 0.000000 -0.183250 1.023465 1.023465 1.023465
4628.310547 0.000000 3940.295410 0.000000 0.017229 0.000000 -0.999852 1.193928 1.193928 1.193928
4637.540527 0.000000 3929.904541 0.000000 0.203232 0.000000 -0.979131 1.167121 1.167121 1.167121
4628.138184 0.000000 3936.188477 0.000000 0.999934 0.000000 0.011452 0.998456 0.998456 0.998456
4636.996094 0.000000 3921.057617 0.000000 0.169046 0.000000 -0.985608 1.272805 1.272805 1.272805
4636.766602 0.000000 3919.694580 0.000000 0.997150 0.000000 0.075440 0.987181 0.987181 0.987181
4627.102051 0.000000 3929.138428 0.000000 0.037362 0.000000 -0.999302 1.206727 1.206727 1.206727
4627.252930 0.000000 3931.802734 0.000000 0.109369 0.000000 -0.994001 1.226175 1.226175 1.226175
4626.758789 0.000000 3942.628174 0.000000 0.594616 0.000000 -0.804010 1.111926 1.111926 1.111926
4639.797363 0.000000 3923.718262 0.000000 0.015432 0.000000 -0.999881 1.217450 1.217450 1.217450
4636.184082 0.000000 3923.483887 0.000000 0.654052 0.000000 -0.756449 1.171336 1.171336 1.171336
4631.164062 0.000000 3921.073486 0.000000 0.240128 0.000000 -0.970741 1.172440 1.172440 1.172440
4630.012695 0.000000 3932.837158 0.000000 0.992539 0.000000 -0.121929 1.015868 1.015868 1.015868
4629.615234 0.000000 3930.613525 0.000000 0.873752 0.000000 -0.486373 1.063404 1.063404 1.063404
4637.033691 0.000000 3928.251221 0.000000 0.999920 0.000000 -0.012671 1.001550 1.001550 1.001550
4640.781250 0.000000 3919.785645 0.000000 0.078480 0.000000 -0.996916 1.238428 1.238428 1.238428
4645.379395 0.000000 3919.980469 0.000000 0.199864 0.000000 -0.979824 1.201734 1.201734 1.201734
4638.893555 0.000000 3918.042969 0.000000 0.239243 0.000000 -0.970960 1.209062 1.209062 1.209062
4634.831055 0.000000 3929.857422 0.000000 0.997984 0.000000 0.063464 0.989536 0.989536 0.989536
4635.993164 0.000000 3921.819336 0.000000 0.898954 0.000000 -0.438042 1.076975 1.076975 1.076975
4633.498047 0.000000 3922.136230 0.000000 0.929571 0.000000 -0.368643 1.074463 1.074463 1.074463
4642.577637 0.000000 3918.163818 0.000000 0.811795 0.000000 -0.583943 1.121430 1.121430 1.121430
4637.375488 0.000000 3923.784180 0.000000 0.982082 0.000000 -0.188456 1.037866 1.037866 1.037866
4635.712891 0.000000 4022.051514 0.000000 0.645027 0.000000 -0.764160 1.036913 1.036913 1.036913
4609.929688 0.000000 4012.498291 0.000000 0.959762 0.000000 -0.280814 1.020608 1.020608 1.020608
4642.891113 0.000000 4030.277344 0.000000 0.078086 0.000000 -0.996947 1.111793 1.111793 1.111793
4628.652344 0.000000 4028.027100 0.000000 0.904899 0.000000 -0.425626 1.039514 1.039514 1.039514
4619.952637 0.000000 4025.171875 0.000000 0.953031 0.000000 -0.302874 1.033033 1.033033 1.033033
4609.618652 0.000000 4014.189941 0.000000 0.947366 0.000000 -0.320153 1.024408 1.024408 1.024408
4614.492676 0.000000 4017.931152 0.000000 0.962546 0.000000 -0.271118 1.026047 1.026047 1.026047
4614.516602 0.000000 4021.300049 0.000000 0.905358 0.000000 -0.424650 1.059126 1.059126 1.059126
4637.568359 0.000000 4029.499756 0.000000 0.202383 0.000000 -0.979306 1.201355 1.201355 1.201355
4607.536621 0.000000 4029.881348 0.000000 0.945086 0.000000 -0.326821 1.049872 1.049872 1.049872
4637.638184 0.000000 4026.491699 0.000000 0.097537 0.000000 -0.995232 1.235371 1.235371 1.235371
4612.658203 0.000000 4021.969727 0.000000 0.659465 0.000000 -0.751735 1.099818 1.099818 1.099818
4634.532227 0.000000 4029.417969 0.000000 0.998654 0.000000 -0.051868 1.006996 1.006996 1.006996
4619.937500 0.000000 4016.189941 0.000000 0.136705 0.000000 -0.990612 1.211173 1.211173 1.211173
4634.796387 0.000000 4026.431641 0.000000 0.824373 0.000000 -0.566046 1.079615 1.079615 1.079615
4632.813965 0.000000 4024.187256 0.000000 0.837572 0.000000 -0.546327 1.080804 1.080804 1.080804
4615.353516 0.000000 4022.409668 0.000000 0.667452 0.000000 -0.744653 1.109051 1.109051 1.109051
4619.477051 0.000000 4023.251953 0.000000 0.964396 0.000000 -0.264464 1.045437 1.045437 1.045437
4607.501953 0.000000 4024.055664 0.000000 0.491301 0.000000 -0.870990 1.224348 1.224348 1.224348
4631.532227 0.000000 4026.533691 0.000000 0.613918 0.000000 -0.789370 1.152178 1.152178 1.152178
4635.736328 0.000000 4028.772217 0.000000 0.681926 0.000000 -0.731422 1.110602 1.110602 1.110602
4618.635254 0.000000 4027.797363 0.000000 0.792481 0.000000 -0.609897 1.098254 1.098254 1.098254
4613.958008 0.000000 4027.387207 0.000000 0.999995 0.000000 0.003104 0.999388 0.999388 0.999388
4633.488281 0.000000 4026.243408 0.000000 0.828748 0.000000 -0.559622 1.094898 1.094898 1.094898
4637.060547 0.000000 4024.833252 0.000000 0.881332 0.000000 -0.472498 1.087231 1.087231 1.087231
4617.831543 0.000000 4022.238281 0.000000 0.836323 0.000000 -0.548237 1.130377 1.130377 1.130377
4621.971680 0.000000 4023.778809 0.000000 0.887285 0.000000 -0.461222 1.077790 1.077790 1.077790
4620.064941 0.000000 4030.417236 0.000000 0.842412 0.000000 -0.538834 1.133543 1.133543 1.133543
4623.595215 0.000000 4025.389160 0.000000 0.998623 0.000000 0.052451 0.986244 0.986244 0.986244
4613.214844 0.000000 4011.121826 0.000000 0.540215 0.000000 -0.841527 1.162292 1.162292 1.162292
4619.119141 0.000000 4020.815918 0.000000 0.765965 0.000000 -0.642882 1.156891 1.156891 1.156891
4613.100098 0.000000 4012.229492 0.000000 0.358717 0.000000 -0.933446 1.234437 1.234437 1.234437
4632.173828 0.000000 4029.888672 0.000000 0.481802 0.000000 -0.876280 1.183990 1.183990 1.183990
4622.592773 0.000000 4025.922363 0.000000 0.962431 0.000000 -0.271526 1.072082 1.072082 1.072082
4636.055176 0.000000 4024.349365 0.000000 0.946399 0.000000 -0.323001 1.058299 1.058299 1.058299
4620.050781 0.000000 4024.137207 0.000000 0.832754 0.000000 -0.553643 1.150875 1.150875 1.150875
4638.670898 0.000000 4027.025391 0.000000 0.009187 0.000000 -0.999958 1.370370 1.370370 1.370370
4641.035156 0.000000 4027.171631 0.000000 0.845615 0.000000 -0.533793 1.136358 1.136358 1.136358
4608.623535 0.000000 4022.557129 0.000000 0.066038 0.000000 -0.997817 1.420737 1.420737 1.420737
4625.594727 0.000000 4025.367920 0.000000 0.933398 0.000000 -0.358842 1.086132 1.086132 1.086132
4624.250000 0.000000 4028.236572 0.000000 0.370717 0.000000 -0.928746 1.297343 1.297343 1.297343
4619.854492 0.000000 4021.467773 0.000000 0.608473 0.000000 -0.793575 1.205964 1.205964 1.205964
4608.144043 0.000000 4021.003418 0.000000 0.697735 0.000000 -0.716356 1.203353 1.203353 1.203353
4640.602539 0.000000 4030.690674 0.000000 0.956618 0.000000 -0.291345 1.074544 1.074544 1.074544
4624.810547 0.000000 4028.993408 0.000000 0.416560 0.000000 -0.909108 1.284891 1.284891 1.284891
4610.067871 0.000000 4030.449219 0.000000 0.939730 0.000000 -0.341917 1.094088 1.094088 1.094088
4641.078125 0.000000 4028.982422 0.000000 0.633656 0.000000 -0.773615 1.227451 1.227451 1.227451
4609.866699 0.000000 4021.352783 0.000000 0.437306 0.000000 -0.899313 1.284746 1.284746 1.284746
4610.214355 0.000000 4024.707764 0.000000 0.523807 0.000000 -0.851837 1.343600 1.343600 1.343600
4610.907227 0.000000 4027.439209 0.000000 0.378110 0.000000 -0.925761 1.381004 1.381004 1.381004
4638.161133 0.000000 4048.161133 0.000000 0.989905 0.000000 -0.141736 1.008876 1.008876 1.008876
4621.455566 0.000000 4038.228271 0.000000 0.118505 0.000000 -0.992953 1.087000 1.087000 1.087000
4615.429199 0.000000 4042.461670 0.000000 0.815416 0.000000 -0.578875 1.060108 1.060108 1.060108
4632.784180 0.000000 4036.561035 0.000000 0.937542 0.000000 -0.347872 1.041690 1.041690 1.041690
4643.513184 0.000000 4043.836182 0.000000 0.194456 0.000000 -0.980911 1.102990 1.102990 1.102990
4634.871582 0.000000 4045.354492 0.000000 0.542980 0.000000 -0.839745 1.116964 1.116964 1.116964
4636.843262 0.000000 4042.807373 0.000000 0.484281 0.000000 -0.874913 1.151589 1.151589 1.151589
4620.603027 0.000000 4035.433594 0.000000 0.996756 0.000000 0.080477 0.989943 0.989943 0.989943
4637.731445 0.000000 4046.651611 0.000000 0.948848 0.000000 -0.315733 1.036088 1.036088 1.036088
4636.491699 0.000000 4031.219482 0.000000 0.237964 0.000000 -0.971274 1.182695 1.182695 1.182695
4634.304688 0.000000 4039.146240 0.000000 0.394315 0.000000 -0.918975 1.174580 1.174580 1.174580
4639.494629 0.000000 4041.114258 0.000000 0.441283 0.000000 -0.897368 1.155712 1.155712 1.155712
4631.652832 0.000000 4045.583496 0.000000 0.998076 0.000000 0.062005 0.991481 0.991481 0.991481
4630.488770 0.000000 4040.181396 0.000000 0.983805 0.000000 -0.179243 1.019796 1.019796 1.019796
4638.501465 0.000000 4032.505859 0.000000 0.991425 0.000000 -0.130680 1.023557 1.023557 1.023557
4635.355957 0.000000 4040.080566 0.000000 0.623995 0.000000 -0.781429 1.118682 1.118682 1.118682
4629.106934 0.000000 4033.996338 0.000000 0.977804 0.000000 -0.209520 1.027930 1.027930 1.027930
4632.838379 0.000000 4039.785156 0.000000 0.722057 0.000000 -0.691834 1.099186 1.099186 1.099186
4639.594238 0.000000 4031.426025 0.000000 0.997168 0.000000 -0.075208 1.015035 1.015035 1.015035
4639.266113 0.000000 4038.202881 0.000000 0.737833 0.000000 -0.674984 1.107288 1.107288 1.107288
4635.082520 0.000000 4041.513428 0.000000 0.953425 0.000000 -0.301631 1.040542 1.040542 1.040542
4634.232910 0.000000 4032.344238 0.000000 0.972082 0.000000 -0.234642 1.035479 1.035479 1.035479
4607.496582 0.000000 4035.785400 0.000000 0.677294 0.000000 -0.735712 1.119709 1.119709 1.119709
4608.053711 0.000000 4038.937988 0.000000 0.781400 0.000000 -0.624030 1.117768 1.117768 1.117768
4624.831055 0.000000 4037.865479 0.000000 0.989824 0.000000 -0.142297 1.028873 1.028873 1.028873
4638.922852 0.000000 4043.711914 0.000000 0.999520 0.000000 0.030986 0.995899 0.995899 0.995899
4621.042480 0.000000 4033.760498 0.000000 0.884223 0.000000 -0.467065 1.099486 1.099486 1.099486
4611.441406 0.000000 4033.585449 0.000000 0.991326 0.000000 -0.131428 1.028629 1.028629 1.028629
4631.894043 0.000000 4033.591553 0.000000 0.488017 0.000000 -0.872834 1.132439 1.132439 1.132439
4631.113281 0.000000 4034.906982 0.000000 0.496285 0.000000 -0.868160 1.131254 1.131254 1.131254
4611.853516 0.000000 4036.116699 0.000000 0.966884 0.000000 -0.255215 1.043167 1.043167 1.043167
4609.069336 0.000000 4034.808105 0.000000 0.502440 0.000000 -0.864612 1.156440 1.156440 1.156440
4616.180664 0.000000 4040.275146 0.000000 0.913669 0.000000 -0.406459 1.085689 1.085689 1.085689
4631.010742 0.000000 4044.402832 0.000000 0.179793 0.000000 -0.983704 1.190864 1.190864 1.190864
4622.850098 0.000000 4033.382080 0.000000 0.776971 0.000000 -0.629537 1.163204 1.163204 1.163204
4625.050293 0.000000 4032.241211 0.000000 0.133454 0.000000 -0.991055 1.365914 1.365914 1.365914
4641.225586 0.000000 4044.231689 0.000000 0.923257 0.000000 -0.384184 1.059067 1.059067 1.059067
4635.645996 0.000000 4035.681152 0.000000 0.925975 0.000000 -0.377586 1.061864 1.061864 1.061864
4610.554688 0.000000 4032.824463 0.000000 0.995838 0.000000 -0.091136 1.019822 1.019822 1.019822
4636.701172 0.000000 4037.816895 0.000000 0.466924 0.000000 -0.884297 1.165232 1.165232 1.165232
4637.206055 0.000000 4036.773682 0.000000 0.518058 0.000000 -0.855345 1.156282 1.156282 1.156282
4616.520020 0.000000 4033.853271 0.000000 0.993007 0.000000 -0.118055 1.034859 1.034859 1.034859
4621.635254 0.000000 4049.725342 0.000000 0.999983 0.000000 0.005894 0.998381 0.998381 0.998381
4608.871582 0.000000 4039.761475 0.000000 0.998572 0.000000 -0.053420 1.009340 1.009340 1.009340
4639.352539 0.000000 4033.714355 0.000000 0.242716 0.000000 -0.970097 1.238284 1.238284 1.238284
4617.063965 0.000000 4047.183838 0.000000 0.140949 0.000000 -0.990017 1.349714 1.349714 1.349714
4614.329590 0.000000 4034.507568 0.000000 0.910097 0.000000 -0.414395 1.139740 1.139740 1.139740
4617.562012 0.000000 4038.544678 0.000000 0.293006 0.000000 -0.956111 1.375142 1.375142 1.375142
4627.608887 0.000000 4037.041504 0.000000 0.216556 0.000000 -0.976270 1.273505 1.273505 1.273505
4619.575195 0.000000 4031.033691 0.000000 0.998100 0.000000 0.061615 0.986147 0.986147 0.986147
4616.630371 0.000000 4032.215332 0.000000 0.233716 0.000000 -0.972305 1.393251 1.393251 1.393251
4640.086426 0.000000 4035.933350 0.000000 0.973024 0.000000 -0.230703 1.054051 1.054051 1.054051
4615.766113 0.000000 4037.302979 0.000000 0.459228 0.000000 -0.888318 1.327648 1.327648 1.327648
4617.810059 0.000000 4040.499268 0.000000 0.997364 0.000000 -0.072567 1.014869 1.014869 1.014869
4641.129883 0.000000 4036.730713 0.000000 0.434798 0.000000 -0.900528 1.243477 1.243477 1.243477
4617.101074 0.000000 4051.932861 0.000000 0.345613 0.000000 -0.938377 1.276691 1.276691 1.276691
4625.856445 0.000000 4031.618164 0.000000 0.755474 0.000000 -0.655179 1.181926 1.181926 1.181926
4621.289062 0.000000 4050.878174 0.000000 0.540971 0.000000 -0.841041 1.289369 1.289369 1.289369
4608.622559 0.000000 4031.864258 0.000000 0.248014 0.000000 -0.968756 1.290036 1.290036 1.290036
4623.083008 0.000000 4032.441895 0.000000 0.300485 0.000000 -0.953787 1.303324 1.303324 1.303324
4617.618652 0.000000 4037.519531 0.000000 0.435611 0.000000 -0.900135 1.357931 1.357931 1.357931
4620.393555 0.000000 4051.117676 0.000000 0.876521 0.000000 -0.481363 1.145440 1.145440 1.145440
4617.814453 0.000000 4035.606689 0.000000 0.912739 0.000000 -0.408544 1.133438 1.133438 1.133438
4617.416992 0.000000 4034.107910 0.000000 0.474620 0.000000 -0.880191 1.341242 1.341242 1.341242
4618.922852 0.000000 4051.456299 0.000000 0.242490 0.000000 -0.970154 1.476652 1.476652 1.476652
4618.006348 0.000000 4049.592285 0.000000 0.527584 0.000000 -0.849503 1.347172 1.347172 1.347172
4718.002930 0.000000 4048.346436 0.000000 0.627497 0.000000 -0.778619 1.013368 1.013368 1.013368
4716.063477 0.000000 4043.674072 0.000000 0.421454 0.000000 -0.906850 1.011342 1.011342 1.011342
4714.336914 0.000000 4055.632568 0.000000 0.413945 0.000000 -0.910302 1.059978 1.059978 1.059978
4714.324219 0.000000 4060.104492 0.000000 0.796009 0.000000 -0.605284 1.086022 1.086022 1.086022
4713.711914 0.000000 4054.094727 0.000000 0.694393 0.000000 -0.719596 1.116306 1.116306 1.116306
4723.444336 0.000000 4060.263916 0.000000 0.941136 0.000000 -0.338029 1.031852 1.031852 1.031852
4719.488770 0.000000 4044.374268 0.000000 0.730220 0.000000 -0.683212 1.088256 1.088256 1.088256
4722.210449 0.000000 4058.552734 0.000000 0.627835 0.000000 -0.778346 1.118030 1.118030 1.118030
4725.993652 0.000000 4057.730225 0.000000 0.776197 0.000000 -0.630490 1.187342 1.187342 1.187342
4724.439453 0.000000 4059.795410 0.000000 0.443594 0.000000 -0.896228 1.288511 1.288511 1.288511
4713.121582 0.000000 4057.943359 0.000000 0.378573 0.000000 -0.925572 1.268657 1.268657 1.268657
4727.995117 0.000000 4058.451660 0.000000 0.773952 0.000000 -0.633244 1.231117 1.231117 1.231117
4713.666016 0.000000 4059.330322 0.000000 0.430617 0.000000 -0.902535 1.286637 1.286637 1.286637
4711.916504 0.000000 4058.962402 0.000000 0.999129 0.000000 -0.041733 1.011881 1.011881 1.011881
4710.489746 0.000000 4056.869629 0.000000 0.980327 0.000000 -0.197381 1.051587 1.051587 1.051587
4712.916016 0.000000 4060.362793 0.000000 0.825628 0.000000 -0.564215 1.167623 1.167623 1.167623
"}
